id,product_id,customer_id,quantity,created_at,delete_at
8466,1017,7593,8,2023-01-06 12:16:51,
1616,1039,519,8,2020-02-23 14:57:44,
1183,1163,7158,6,2022-05-27 12:45:29,
8661,1024,3026,1,2023-01-07 09:57:36,
6902,1137,1596,4,2023-03-26 13:07:08,2020-09-06 15:44:01
659,1089,2609,1,2021-01-27 07:44:27,
5834,1141,4682,4,2021-10-05 02:05:05,
7361,1025,7762,10,2023-08-22 18:40:50,
275,1057,8407,4,2020-05-13 16:51:58,
2611,1004,5313,8,2021-07-16 04:37:20,
6597,1037,7982,2,2023-03-09 15:10:07,
7897,1008,8953,9,2023-08-10 15:07:24,
5362,1011,6666,1,2022-05-30 05:36:30,2021-04-03 06:00:33
6025,1142,4277,8,2020-05-14 14:18:28,
4769,1099,8354,1,2020-01-12 07:13:42,
9630,1168,5847,9,2021-01-30 01:42:36,2023-02-04 15:04:30
862,1113,5561,8,2023-09-18 02:22:05,
1562,1001,629,9,2021-07-19 18:24:19,2022-08-07 06:26:43
4212,1173,6763,1,2021-02-18 11:34:27,
1212,1180,1974,3,2022-04-09 07:04:14,2020-08-20 05:48:39
6056,1175,8086,10,2022-07-26 22:36:35,
7748,1050,137,2,2020-06-03 07:43:15,
6987,1055,1679,6,2021-09-11 14:08:18,
1355,1139,6121,10,2022-08-09 19:23:21,
1328,1154,6493,7,2022-08-01 01:26:44,2022-03-30 15:17:38
8481,1010,7049,4,2021-07-01 17:04:40,
5046,1181,1667,7,2023-03-18 16:49:10,2022-05-09 02:33:04
662,1129,3211,8,2020-10-27 00:21:25,
2491,1018,3652,9,2021-01-08 22:26:37,2020-02-17 11:37:52
1976,1007,1926,6,2021-05-15 15:46:15,
9106,1192,9629,8,2022-09-23 08:16:12,
8209,1113,5131,3,2021-01-01 17:02:34,
249,1065,1736,3,2022-05-27 22:46:25,
4643,1048,7188,4,2021-03-19 19:45:44,
2792,1053,8551,8,2021-12-19 04:05:38,
1441,1127,9621,4,2021-09-22 07:29:58,
7321,1044,9718,5,2020-11-18 13:03:42,
6540,1095,2664,1,2021-03-30 04:22:49,
9249,1021,1975,6,2020-09-19 11:34:12,
2987,1013,5847,10,2023-03-30 03:49:25,2022-08-07 02:23:25
8130,1137,3317,4,2023-04-06 09:33:34,
2593,1189,3707,2,2022-10-25 11:28:50,
4400,1038,4681,1,2021-11-12 07:54:34,2022-09-07 05:40:34
7365,1003,1982,2,2020-06-17 15:01:51,
7252,1166,1416,8,2021-12-29 00:59:38,
3563,1030,4182,4,2020-05-16 01:25:34,
9407,1140,4012,7,2020-06-22 07:54:18,2020-04-09 08:04:08
4795,1067,7188,4,2022-08-28 02:31:00,
4151,1028,9677,8,2020-12-13 11:41:20,
7605,1165,3446,1,2022-06-29 08:25:00,
8892,1189,8214,2,2022-05-19 05:32:40,2023-05-19 21:51:50
8904,1104,1416,1,2022-05-29 19:34:45,
6980,1096,3026,9,2023-10-15 19:13:23,
6064,1149,9026,5,2020-05-11 08:35:28,2021-08-04 12:08:45
2023,1137,3446,3,2020-05-27 20:37:54,
1223,1003,6666,2,2021-11-04 17:25:31,2023-03-28 12:23:16
7135,1076,8846,3,2021-07-07 20:16:07,
625,1131,8463,8,2020-12-31 04:55:28,2022-04-22 14:55:30
1404,1091,7402,2,2023-04-24 23:52:07,
7902,1100,5313,8,2023-02-26 13:56:51,
6061,1030,1408,8,2022-07-07 21:45:23,2020-11-04 14:58:22
9367,1114,1975,8,2022-02-21 04:53:31,
7075,1190,3707,9,2021-11-20 01:15:37,
9908,1100,9899,5,2020-03-24 07:44:45,
6397,1120,3602,1,2021-10-12 08:31:33,2022-08-03 15:22:09
8319,1053,2385,9,2023-09-01 17:19:56,2021-06-13 14:42:27
2555,1018,5715,10,2021-10-12 15:24:45,
8121,1139,9899,6,2023-09-30 05:39:48,
2748,1140,6109,5,2022-11-01 18:04:27,2022-01-27 14:37:27
4041,1125,7968,8,2020-10-11 02:05:13,
5623,1110,1667,10,2021-04-01 08:00:13,
3263,1096,8285,3,2020-07-19 16:30:20,
5025,1091,9348,9,2022-03-03 12:25:28,
3725,1070,9026,8,2021-12-02 16:07:36,
4435,1026,2156,8,2023-02-20 12:09:42,
7510,1096,5847,8,2023-03-16 01:02:58,
425,1131,9140,8,2021-11-06 22:36:28,
9704,1139,7219,6,2022-12-26 08:38:02,
3684,1166,7720,3,2021-07-30 12:12:51,2022-05-05 04:18:19
6861,1085,6763,10,2021-12-03 08:22:41,
8222,1018,9677,1,2020-02-07 02:50:07,2022-12-07 07:22:45
1147,1093,7380,10,2021-11-19 15:16:00,
3257,1149,9421,8,2020-03-14 19:29:26,
5323,1114,3658,5,2020-09-15 08:08:00,2020-03-10 18:16:24
1118,1077,2448,4,2021-05-16 05:51:34,2020-02-28 08:59:57
4532,1070,6266,4,2020-02-02 02:49:21,
1880,1125,1233,9,2021-05-27 13:17:22,
6499,1102,9839,9,2020-12-19 10:28:07,
6037,1117,3069,9,2022-04-10 01:49:15,2022-10-31 20:50:04
2251,1074,9174,1,2023-08-28 23:30:56,
6840,1139,362,5,2020-11-14 02:06:48,
1131,1070,8395,6,2020-11-18 05:16:22,
1772,1060,1164,10,2022-02-13 15:21:13,2023-06-13 12:00:19
6117,1184,519,5,2023-02-13 01:47:42,
5663,1058,9421,6,2022-08-08 07:10:29,2021-03-10 18:40:08
5500,1158,134,8,2020-09-21 08:38:58,
9104,1176,1086,5,2021-03-12 01:12:40,2021-05-08 15:44:40
4989,1179,8938,8,2020-02-08 22:54:49,
9744,1055,2609,10,2022-09-23 14:37:16,2021-04-16 06:59:07
6948,1172,3484,3,2023-08-08 07:05:40,
542,1023,9354,2,2023-08-21 01:29:24,
4339,1004,3957,7,2023-07-25 04:36:00,
2761,1166,1408,7,2021-03-17 14:38:39,2023-07-23 03:21:59
4381,1018,1596,7,2021-10-21 00:00:49,
8787,1151,8938,7,2022-04-18 13:21:45,
7404,1125,690,2,2022-10-18 14:11:07,2022-01-25 06:49:37
8789,1072,7400,6,2020-04-15 06:27:07,
6557,1102,9348,3,2023-06-05 01:45:39,
127,1175,1636,4,2022-04-18 13:17:21,
8817,1148,1024,6,2021-02-27 10:57:22,
6220,1051,8463,4,2023-07-17 00:13:06,
2513,1098,9348,4,2022-12-16 09:25:26,
9429,1089,1741,5,2020-01-28 18:25:22,
3665,1160,7402,7,2021-08-19 07:33:56,
1593,1050,8393,5,2023-06-04 20:51:52,
4347,1081,945,1,2023-08-27 20:41:32,
7878,1067,9798,8,2021-09-22 16:15:41,
7770,1175,9348,9,2020-12-01 03:12:41,
2371,1144,8233,4,2021-03-12 11:45:01,
5324,1186,362,1,2020-11-29 12:58:20,
4469,1171,3602,4,2023-04-18 19:31:32,2023-04-18 21:21:57
1093,1051,3910,2,2022-04-11 07:23:08,
7175,1035,4345,8,2022-03-20 10:37:17,
147,1001,8407,10,2020-11-04 13:57:04,2021-01-01 05:04:05
3687,1128,3923,7,2020-05-15 14:20:16,
6175,1035,572,3,2022-05-17 00:20:15,
1125,1012,572,5,2020-03-03 15:26:26,
8997,1180,4182,1,2020-02-14 13:43:08,
1255,1061,945,4,2023-10-01 05:18:30,
3945,1042,2464,9,2021-08-14 07:09:27,2022-12-09 12:27:01
4487,1053,3320,7,2022-03-17 13:38:04,
1877,1108,8463,9,2021-03-06 22:17:42,
243,1092,7219,4,2020-01-09 17:42:54,
1313,1177,962,5,2023-03-03 08:08:26,
5417,1065,5131,4,2022-08-04 06:01:32,
5878,1004,2609,10,2021-05-25 17:56:58,
5894,1040,3602,2,2020-09-26 14:17:13,2023-07-31 18:32:23
889,1148,9527,2,2021-12-05 05:06:21,
4813,1156,7968,2,2021-12-16 03:29:16,
404,1060,6596,8,2023-01-03 10:37:15,
2538,1105,1164,6,2022-10-10 19:52:15,2022-11-01 00:37:19
4819,1027,7720,9,2022-07-27 00:58:05,
2199,1189,2927,10,2023-09-01 14:56:49,
8426,1057,7380,5,2020-06-20 06:03:42,2020-07-05 21:35:32
5150,1068,9609,5,2023-04-25 02:27:05,
3101,1062,1024,2,2021-08-12 10:33:37,
4747,1085,8550,8,2023-02-12 21:03:17,
3913,1124,9140,9,2020-01-17 02:12:41,
3620,1091,6109,8,2022-07-31 21:01:00,
6575,1101,1107,10,2021-07-31 22:21:14,
2277,1144,7893,8,2022-05-30 16:25:14,
5169,1110,2418,6,2022-06-17 12:19:16,
444,1101,8242,10,2021-09-06 09:19:14,
5885,1171,7049,7,2020-08-25 00:26:41,
8479,1081,2418,8,2021-05-28 11:49:13,
9962,1077,2609,5,2020-03-19 11:48:41,
7663,1118,3652,4,2021-02-25 17:12:54,
9472,1072,5313,7,2020-04-19 17:34:17,2022-10-01 10:29:49
1485,1173,7416,6,2020-02-04 07:37:32,
6586,1028,3549,4,2022-08-23 08:30:31,2020-12-14 05:14:48
2429,1163,7484,10,2020-10-03 01:26:02,
6096,1096,1461,8,2020-08-02 16:17:45,2023-02-08 02:11:21
4383,1039,9677,1,2022-02-02 07:13:25,
6446,1155,6596,9,2020-09-19 12:15:55,2021-12-08 17:26:03
7623,1164,9026,5,2020-09-13 06:37:44,
5467,1022,4442,1,2021-09-09 03:54:46,
6982,1049,9421,9,2022-02-12 12:23:50,
8316,1146,2156,4,2020-03-18 13:14:16,
6714,1121,7762,4,2023-05-15 01:48:05,
5011,1075,1741,3,2021-05-15 15:03:52,
4815,1155,3923,9,2020-11-19 18:53:11,
1301,1101,3210,3,2023-01-05 14:49:33,2020-08-30 04:23:59
4968,1136,545,10,2020-07-17 18:34:06,
1939,1057,4807,1,2021-12-06 01:11:30,
9664,1163,545,1,2020-09-15 04:43:57,
6865,1067,8242,8,2022-06-02 00:59:38,
293,1079,3091,8,2022-07-19 08:13:36,2022-03-27 21:57:16
8732,1139,8365,4,2023-08-08 03:50:50,
3919,1007,5131,2,2023-09-12 09:40:16,2023-03-19 17:45:27
9663,1034,7156,7,2021-12-14 08:30:16,2023-04-10 18:32:14
6126,1037,5499,2,2020-03-27 12:31:39,2020-06-04 10:07:44
8745,1042,3432,2,2021-05-14 17:51:48,
9667,1030,183,5,2020-05-28 10:01:54,
5508,1192,8064,1,2023-04-03 21:17:57,
7806,1162,9421,5,2021-11-11 23:00:34,
5666,1173,6030,6,2022-06-27 20:38:43,
9659,1089,4105,7,2023-07-04 22:40:56,
5003,1155,3210,9,2020-01-18 06:02:51,2022-08-14 19:29:11
4495,1014,6666,8,2021-02-25 16:51:39,2022-04-17 00:44:43
3938,1005,9621,5,2020-04-02 21:53:20,2020-04-20 21:16:15
4540,1071,3245,9,2022-11-17 16:21:47,
8647,1091,3069,10,2023-05-01 03:51:31,
3055,1046,3652,10,2023-08-18 08:00:56,
7559,1178,4682,2,2022-10-21 22:38:43,
3103,1183,1741,2,2022-03-07 11:26:12,
5546,1024,6739,5,2023-09-22 15:36:41,2020-10-02 15:13:32
6647,1107,6761,10,2023-03-24 23:07:40,
3750,1114,7416,7,2021-12-25 17:45:17,
7132,1111,962,10,2023-07-26 17:39:00,
1364,1138,8407,8,2021-05-18 10:11:51,2023-07-14 02:57:18
7081,1165,3432,3,2020-09-18 04:11:29,
7585,1049,6137,1,2020-08-28 04:48:34,
5898,1040,9864,10,2020-07-11 07:27:14,
1973,1051,3707,5,2022-12-21 22:35:55,
62,1045,8463,6,2022-10-19 04:45:26,
1271,1023,8578,1,2021-03-15 05:03:08,
9265,1004,9864,6,2020-01-18 14:09:59,
4640,1014,1086,2,2021-07-12 09:34:50,2023-02-10 02:53:12
1357,1020,5692,9,2023-07-03 07:17:47,
7455,1063,9354,1,2020-02-05 09:14:59,2021-07-01 16:46:50
380,1128,962,6,2021-08-15 23:45:56,
6932,1154,9740,9,2021-02-10 01:01:11,
4886,1121,6594,5,2021-03-22 16:02:12,
3397,1141,9718,10,2023-05-30 00:02:39,2020-12-03 11:54:13
679,1146,7158,7,2022-08-27 14:06:41,
953,1144,2766,7,2021-03-11 07:48:21,2023-08-22 14:34:35
2379,1013,3210,2,2021-12-13 22:39:30,
8288,1136,4228,2,2021-04-02 07:29:41,
6993,1006,7380,10,2022-05-20 19:10:20,
4790,1047,8285,4,2020-11-21 00:23:28,
1729,1070,6266,5,2020-03-23 22:54:24,
4731,1128,7761,1,2020-10-16 06:56:00,
6950,1134,3707,1,2021-08-09 08:11:45,
814,1097,6763,7,2020-05-16 23:47:18,
2074,1012,8618,9,2021-04-08 18:33:03,
75,1164,7759,9,2020-06-19 11:31:42,
3029,1157,2766,2,2021-02-12 21:21:35,
2817,1186,8618,4,2021-11-30 06:32:20,
2151,1031,3446,10,2020-04-27 01:56:35,2020-05-19 10:00:17
2158,1010,6594,8,2022-06-05 17:19:47,
7507,1121,1086,9,2022-08-13 03:48:34,2020-10-24 01:42:51
8397,1066,690,4,2022-01-23 21:21:50,
9408,1071,6594,4,2023-02-15 02:23:27,
1242,1186,8395,7,2020-05-12 06:30:52,
878,1073,9174,6,2020-09-18 01:22:57,
4236,1036,2249,4,2021-10-21 06:14:35,
5173,1144,7156,7,2023-06-02 15:18:11,
9961,1040,7759,3,2023-07-24 00:14:45,
7983,1121,1636,5,2023-08-07 20:15:46,
3200,1104,8938,5,2020-08-24 06:46:20,
5374,1173,1596,6,2023-03-12 14:31:03,2022-04-17 13:11:21
208,1094,5715,5,2021-11-15 00:05:23,
5937,1153,8463,3,2021-01-08 06:11:36,
5250,1099,9798,4,2022-02-13 23:42:02,
762,1045,9864,10,2023-10-05 01:02:01,
2622,1148,3210,9,2022-08-15 17:22:53,
1298,1147,6137,5,2023-02-22 13:10:06,
656,1092,1596,4,2021-05-09 06:26:22,
4529,1059,3245,5,2020-07-11 07:28:12,
89,1064,3026,7,2021-02-27 01:41:40,2022-02-15 21:05:22
9361,1070,8463,1,2021-04-23 07:53:30,
2054,1078,7762,1,2021-11-05 19:55:15,2021-10-16 23:28:05
5476,1155,9140,1,2021-05-18 04:29:27,
7764,1113,6596,4,2022-11-02 05:40:01,
716,1167,488,10,2021-11-15 01:58:26,
7641,1109,5131,3,2021-07-03 16:37:36,2021-10-10 12:04:26
9616,1061,2249,3,2022-12-01 10:48:51,2022-09-04 21:19:35
2348,1133,3652,4,2021-07-05 06:56:34,
4531,1036,8354,1,2021-12-26 00:05:15,
3113,1140,5499,5,2021-01-09 13:51:24,
2807,1086,8395,4,2022-03-01 02:04:58,
5783,1091,9140,9,2023-10-02 06:40:19,
2435,1011,3652,3,2020-05-08 00:24:41,
685,1113,3168,1,2020-03-02 13:02:10,
7470,1107,8354,6,2020-03-06 22:41:36,2021-07-15 22:54:50
8488,1160,5728,2,2021-01-02 04:01:26,2023-04-22 05:13:21
4867,1171,4778,8,2020-09-12 21:19:59,
2254,1107,6594,9,2022-06-10 14:36:36,2020-08-12 18:18:50
6895,1070,1975,9,2020-06-11 22:00:52,
2038,1018,8293,6,2022-12-01 02:01:34,2022-01-24 22:08:30
2487,1102,7791,9,2022-09-17 14:45:42,2023-04-25 23:22:24
4939,1125,4268,3,2022-01-24 12:04:09,
7583,1024,66,8,2021-09-15 22:45:37,
711,1053,1024,6,2020-11-20 17:10:14,2020-12-05 12:29:24
8520,1014,9839,1,2022-03-02 16:03:18,
684,1126,6317,1,2020-11-01 00:54:27,
9872,1186,8354,2,2022-11-22 16:05:15,
1226,1060,8938,7,2022-05-23 21:21:59,
2425,1169,9621,5,2020-04-04 16:35:01,
8107,1078,8365,7,2022-11-12 00:12:07,2022-08-22 12:28:56
7573,1117,2664,8,2023-04-10 04:49:29,2020-07-14 18:34:27
3070,1112,7484,9,2021-08-30 02:51:35,
932,1065,4105,2,2021-09-11 00:28:01,
8793,1159,690,3,2023-06-10 13:01:35,
8505,1005,1233,4,2023-03-31 23:55:17,
3697,1171,3825,2,2020-06-26 17:25:36,
5217,1066,6266,8,2020-01-29 11:45:40,
9212,1145,5561,3,2023-01-20 02:29:06,
7420,1104,7158,4,2023-07-29 20:27:48,
4024,1150,2448,10,2021-04-03 05:16:53,
7345,1041,7759,1,2021-06-17 14:26:21,2021-11-12 07:15:40
5538,1134,5847,7,2020-05-31 12:05:53,
4967,1010,66,9,2021-01-18 04:36:09,
8115,1083,5574,10,2022-04-17 17:08:45,
2264,1156,7416,6,2022-12-07 22:35:11,
3526,1184,5711,10,2020-07-31 11:30:19,
493,1049,4046,4,2022-07-21 11:19:50,2022-02-16 14:58:28
3914,1149,1136,3,2020-06-11 07:21:05,
9314,1172,1636,6,2021-12-30 16:39:52,
6167,1094,3923,7,2022-08-02 19:40:09,2020-08-05 18:36:04
3227,1019,4268,1,2020-05-27 13:39:41,
4520,1088,1974,3,2023-03-09 06:18:06,
2304,1032,6137,8,2021-12-25 13:20:59,
3445,1147,8578,9,2021-09-17 19:00:56,
3232,1031,9864,9,2023-02-08 12:50:27,
9627,1163,8064,2,2021-01-19 13:56:38,
3840,1092,8242,4,2020-10-31 14:31:29,
2866,1002,2156,9,2021-11-11 09:31:12,
4799,1026,2927,1,2020-09-06 09:26:55,
5804,1162,3000,8,2022-02-08 05:34:00,
7098,1007,9183,5,2022-03-23 08:02:01,
6206,1122,1926,5,2021-01-17 00:13:48,
7275,1100,6030,1,2023-04-30 16:15:36,
9977,1106,362,1,2020-01-16 09:16:36,
5162,1052,6121,7,2023-10-12 09:03:28,
2605,1127,7761,2,2021-08-17 19:35:35,
241,1030,7219,3,2023-07-19 12:14:28,2020-10-08 10:10:53
5579,1170,6596,7,2020-04-10 01:01:31,
5179,1062,8393,6,2022-07-02 02:43:22,
6963,1170,2418,6,2021-03-02 07:47:01,
5275,1180,3432,6,2020-11-12 21:35:59,
7262,1182,9304,7,2021-03-05 09:19:53,
95,1177,572,1,2022-05-17 03:06:06,
5016,1112,1596,4,2022-01-17 03:04:37,2022-01-07 16:29:40
6870,1061,3602,7,2022-01-14 16:54:36,2020-12-22 19:05:19
1317,1150,4277,1,2021-11-19 04:35:05,
2318,1066,6317,9,2021-11-28 20:42:06,
503,1162,4012,9,2022-06-04 17:15:27,
2148,1123,8846,7,2021-07-28 03:38:13,2020-10-29 16:56:33
189,1167,5574,6,2021-07-28 07:56:30,2023-07-29 02:20:23
9037,1058,9219,4,2021-05-01 03:21:17,
5007,1089,9456,2,2020-01-07 13:20:13,
2941,1045,8551,9,2023-09-04 17:47:47,
8176,1097,3869,8,2021-11-22 17:30:58,
5069,1164,839,1,2020-09-12 00:46:41,2021-12-06 16:20:58
4311,1040,2205,8,2021-08-07 02:52:10,
3464,1154,7126,9,2020-04-15 12:14:32,
5235,1158,2766,4,2020-05-18 01:51:32,
6048,1106,5561,9,2020-08-02 10:06:12,2020-08-17 06:24:24
5686,1124,7400,8,2023-02-20 14:56:19,2022-03-28 14:04:42
3403,1077,2927,7,2022-11-18 09:27:52,
5416,1096,1982,9,2021-09-18 06:38:50,2022-01-04 11:10:42
2340,1040,572,4,2022-07-14 16:13:59,
5879,1125,3957,4,2023-09-26 19:06:41,
1041,1099,7484,3,2023-02-22 16:52:22,
9316,1022,5584,1,2023-04-13 08:21:46,
9291,1184,4647,10,2020-08-25 11:45:21,2020-01-01 03:22:59
870,1027,629,1,2022-01-01 06:01:02,
9216,1035,2664,6,2022-09-12 00:45:55,
4388,1100,6266,10,2020-03-25 22:39:32,2023-01-06 08:13:31
5621,1079,4556,7,2023-09-18 00:32:41,
9170,1110,1086,1,2023-08-31 23:05:00,
1115,1034,8285,7,2023-09-27 19:20:32,2022-11-20 07:26:19
2737,1014,134,8,2021-02-04 01:29:36,
9978,1049,8285,1,2022-01-20 21:30:19,
7162,1184,1233,5,2023-03-07 08:12:34,2020-11-08 05:13:52
1527,1027,1636,1,2023-06-18 13:30:26,
9223,1146,3910,4,2022-10-02 16:42:15,
9079,1044,3320,9,2023-07-23 12:05:05,2023-04-05 10:01:44
4326,1114,6493,4,2023-09-14 15:27:48,
5474,1034,1667,9,2022-10-14 20:28:44,
3727,1045,629,8,2023-04-04 17:56:23,
8743,1146,3320,6,2021-01-01 04:44:12,
8249,1070,7156,8,2021-11-24 01:35:22,
2090,1072,1982,2,2022-09-19 10:35:31,
7562,1183,5692,2,2021-08-18 07:50:34,
9530,1142,3652,8,2021-03-29 17:56:34,
5418,1117,137,6,2023-01-26 08:15:05,
485,1074,7593,6,2023-09-08 14:14:59,2021-02-04 18:07:02
6777,1120,9798,6,2022-08-13 02:49:01,
2083,1016,6763,5,2023-10-22 04:34:42,
8085,1056,7593,7,2021-02-15 04:58:16,
3362,1110,9609,1,2022-11-06 06:20:07,
5688,1017,4682,9,2022-08-10 21:54:40,2020-02-20 00:33:43
1845,1044,3910,2,2023-02-04 19:16:50,2021-05-26 14:08:20
902,1027,4182,5,2021-10-15 07:58:18,
5333,1000,1736,3,2020-12-24 04:34:00,
4616,1140,4046,8,2020-08-17 19:06:48,
7670,1125,8293,6,2023-02-22 06:55:23,
8421,1058,362,2,2022-09-16 15:47:21,
2267,1015,7298,2,2021-08-17 11:22:44,
2202,1035,1975,7,2023-05-01 20:21:20,
9573,1037,488,6,2020-02-01 15:56:09,
5990,1189,6763,4,2022-02-24 02:05:59,
7057,1055,4268,4,2023-09-13 22:45:50,
4088,1143,8516,8,2022-07-10 19:24:08,2020-08-27 10:12:12
3736,1171,9864,9,2020-05-18 07:33:20,
4680,1115,690,4,2021-11-15 17:58:12,
8267,1030,9140,8,2022-09-09 23:23:33,
9336,1105,1107,10,2020-01-30 01:53:01,
2188,1175,8298,7,2022-03-04 07:15:59,
1424,1003,6733,5,2021-05-23 00:28:53,2023-08-05 00:04:59
7254,1144,4778,1,2020-10-28 00:43:28,
417,1001,5711,8,2020-08-01 12:32:34,
282,1186,8618,9,2020-09-28 10:55:20,
4885,1044,3211,8,2023-09-21 13:33:58,
4250,1030,9747,1,2023-06-15 12:52:09,
9038,1038,9629,8,2023-05-13 15:37:55,
9081,1119,3446,3,2020-07-04 20:31:20,
3389,1120,4277,10,2020-01-05 15:20:26,
7012,1074,519,4,2023-09-03 21:07:34,
4363,1149,7762,5,2020-07-15 13:37:06,2021-08-09 14:19:10
9716,1006,5561,10,2022-03-23 17:18:57,
4511,1106,7761,4,2021-05-20 05:52:08,
267,1020,5584,2,2021-05-06 21:51:45,
2971,1104,7158,8,2021-12-22 06:37:14,2021-05-20 04:56:14
4341,1073,4345,9,2021-07-29 09:41:35,
9221,1083,3168,2,2020-04-01 16:01:43,
9548,1181,3658,4,2022-06-01 15:22:39,
4702,1178,8618,2,2023-03-20 14:50:16,
7061,1043,7188,7,2021-06-11 22:03:43,
6707,1043,3432,3,2021-01-22 22:50:19,
5936,1059,1164,9,2023-07-01 21:03:29,
8921,1183,945,8,2021-11-28 17:39:33,
7328,1145,5131,6,2020-11-27 01:19:21,
602,1165,1224,9,2022-07-28 20:38:02,2022-01-15 01:33:49
6519,1044,6030,5,2020-05-30 18:42:21,
2573,1124,5711,6,2021-08-31 14:36:41,2020-12-25 14:04:28
359,1000,7593,2,2020-03-23 15:28:55,2021-04-15 17:41:52
5850,1027,137,2,2022-07-03 15:04:12,2023-08-06 15:14:50
7637,1099,3923,3,2023-05-23 03:37:13,
6637,1048,1493,5,2020-06-27 09:58:45,
7539,1176,4105,7,2020-09-18 00:38:12,
7413,1007,9621,6,2023-08-26 08:33:46,
3076,1082,1975,8,2022-12-14 12:36:26,
130,1174,1181,4,2020-02-15 16:18:00,
7604,1074,4228,3,2020-07-28 12:43:07,
3551,1175,3320,8,2020-02-19 04:16:35,
3239,1111,5715,2,2020-01-20 10:47:05,2022-05-24 07:08:49
9850,1114,8298,2,2022-04-21 08:18:07,
1371,1174,3317,5,2021-03-07 00:13:03,
8480,1024,545,7,2023-08-29 22:11:14,
3521,1025,9974,8,2021-07-07 20:39:33,2020-02-17 13:58:17
7065,1019,4105,9,2020-04-10 21:23:55,2022-03-25 22:00:26
5378,1125,5574,6,2023-08-14 04:15:16,
5463,1029,9718,4,2020-04-29 19:35:42,2022-09-24 19:18:26
9007,1028,7416,1,2021-10-26 00:15:45,
2073,1140,7156,2,2022-02-22 01:30:02,
7350,1136,1181,2,2022-05-25 03:14:16,2021-07-22 23:16:46
1769,1166,1024,6,2023-06-08 12:33:15,
3171,1049,3602,2,2022-08-14 01:17:42,
8878,1027,4105,10,2023-07-29 14:05:39,
536,1123,9718,4,2020-04-18 13:58:31,
2913,1166,3060,3,2022-06-20 01:27:43,
92,1105,3000,8,2022-04-06 06:01:51,
9826,1181,5692,2,2023-06-08 20:06:51,
9647,1147,3484,6,2020-11-10 14:14:49,
6050,1118,690,9,2021-05-16 04:39:07,
3759,1008,4046,8,2020-02-12 10:53:14,
1291,1100,4647,7,2021-04-02 08:02:19,
478,1013,2385,3,2021-01-03 05:41:10,
233,1129,2418,8,2022-05-31 07:24:54,
8102,1017,8298,9,2020-10-06 08:06:39,2020-09-21 04:45:59
2800,1172,7156,3,2022-12-12 20:45:04,2020-06-07 00:50:02
8881,1173,3168,8,2020-06-24 06:01:25,2020-06-07 20:32:11
3303,1030,839,8,2023-07-09 15:10:02,2020-07-09 22:25:14
2337,1170,1408,5,2021-02-18 11:45:08,
8613,1071,3446,4,2020-03-02 06:44:46,
6142,1192,4807,3,2022-02-22 09:13:20,
1658,1190,2249,10,2023-10-04 23:57:40,
3964,1156,3000,10,2022-04-07 00:53:19,
3504,1150,8846,2,2020-04-25 09:29:42,
4316,1018,7893,6,2020-03-02 02:27:44,
6812,1059,7759,10,2020-11-19 19:58:56,
979,1052,6111,6,2022-06-09 11:12:45,2021-01-26 11:56:12
2159,1028,7156,8,2022-11-13 14:08:41,
8104,1178,9677,1,2020-01-16 21:16:22,
4862,1026,3069,7,2020-05-13 21:27:58,
8033,1090,6111,9,2023-01-02 05:41:27,
101,1076,9747,5,2021-07-24 20:17:59,
8755,1147,3091,5,2020-02-23 10:13:48,
9794,1008,3910,2,2021-03-16 16:38:57,
1501,1150,2205,10,2022-01-30 07:09:32,
2519,1106,6761,4,2020-03-17 03:38:06,
2946,1140,5561,8,2020-01-30 00:19:59,2023-10-11 15:22:00
2923,1137,3320,1,2021-10-10 08:42:54,
2930,1142,3091,7,2023-01-13 04:57:22,2021-01-16 01:53:25
8799,1028,3549,10,2022-11-18 00:49:19,
529,1042,8242,10,2023-07-26 19:27:28,2021-07-30 10:22:24
1126,1148,8354,5,2020-04-29 08:42:33,
9217,1164,4270,6,2022-05-21 05:30:27,
836,1112,488,8,2022-09-26 18:50:38,
5839,1023,1736,5,2020-04-24 02:46:03,
2465,1185,9864,7,2020-03-01 07:15:14,
1942,1139,8618,5,2020-04-21 11:56:19,
9867,1114,6317,9,2022-07-06 11:51:25,
4325,1085,6739,10,2023-06-29 03:26:59,
421,1019,3658,2,2023-06-26 18:29:53,
2300,1000,1416,8,2022-12-29 17:47:58,2023-06-29 12:49:18
7140,1146,8354,3,2021-01-14 23:10:59,
7123,1018,9940,2,2022-08-22 13:59:48,
3781,1038,5561,8,2022-05-27 08:54:17,2020-09-18 17:41:23
5082,1013,6317,5,2022-02-06 10:34:57,
5086,1124,7759,8,2023-10-07 15:05:35,
4583,1009,2418,9,2022-07-23 12:18:50,
6374,1181,5364,8,2022-08-18 22:45:06,2023-05-16 09:13:24
4986,1159,8214,5,2023-05-03 01:16:25,
3444,1182,2927,8,2020-03-20 10:36:54,
617,1114,7126,10,2021-02-22 15:46:47,
6668,1084,7156,2,2020-03-12 14:46:25,
9211,1023,7188,2,2021-11-23 05:34:11,
9567,1172,6109,5,2020-07-17 16:18:07,2020-10-02 03:45:41
6570,1075,6594,7,2022-05-31 10:55:59,
5305,1064,8551,3,2022-12-19 16:16:22,
3002,1034,1596,2,2020-05-01 15:51:04,
7552,1128,4012,1,2023-01-01 03:37:31,2020-08-16 07:59:15
760,1048,1136,3,2020-06-30 17:04:14,
9722,1094,8365,9,2022-07-20 23:50:17,
6318,1180,7380,8,2022-09-06 15:36:08,2023-03-18 17:39:14
278,1176,9718,8,2021-01-19 10:23:18,
1101,1022,4807,7,2022-08-23 13:16:08,2020-08-09 21:49:24
5036,1136,839,5,2023-03-16 17:38:03,2021-09-08 04:30:39
3330,1138,9798,9,2023-03-21 13:28:27,
743,1114,3602,2,2020-09-19 05:15:04,
7811,1121,9864,4,2020-12-30 02:22:01,
6100,1191,4197,7,2020-04-19 13:10:44,
9999,1078,1667,7,2022-09-08 20:05:00,
4044,1120,629,7,2023-01-13 14:40:54,
2696,1137,6594,7,2021-02-04 06:17:26,
5967,1186,1233,9,2021-02-19 18:38:28,2023-07-28 14:34:00
5384,1030,8233,3,2022-12-28 03:33:33,
7197,1096,7416,6,2020-05-11 23:52:54,
4660,1183,7380,9,2020-10-04 06:55:21,2020-08-14 07:50:44
3136,1017,9183,2,2021-11-03 22:49:16,
6279,1024,5131,1,2022-07-03 17:56:38,
8759,1133,1461,4,2022-08-19 17:28:50,
4065,1118,4228,6,2021-02-07 02:52:44,
7948,1141,6266,3,2020-04-27 10:32:14,
6527,1191,4682,10,2023-06-10 00:23:25,
9002,1004,8618,3,2023-01-26 05:39:55,
4349,1066,2249,1,2021-04-11 10:24:28,2020-04-11 18:47:47
3875,1055,2252,8,2021-12-02 22:49:47,2022-06-14 00:41:57
2634,1007,9798,2,2020-08-02 02:16:21,2021-07-04 21:29:41
8531,1129,7402,2,2021-02-08 21:12:38,2022-04-29 08:12:42
6908,1186,6739,9,2020-08-29 11:07:44,
1891,1065,9718,3,2021-09-14 17:44:33,
242,1077,3869,10,2023-03-06 02:15:02,
3150,1176,3168,7,2021-08-10 16:08:09,2020-10-31 18:39:56
8761,1042,1636,10,2023-07-20 00:26:01,2020-11-28 10:05:49
395,1123,9974,8,2021-02-14 04:43:04,
3267,1034,8354,8,2021-02-08 08:33:16,
7788,1188,6030,6,2020-06-11 12:34:34,
2543,1032,1667,2,2020-08-16 03:53:37,
6058,1075,1636,1,2020-07-21 18:08:11,
1241,1102,690,6,2020-11-09 05:08:15,2020-01-27 20:59:05
219,1083,4556,6,2022-04-23 01:24:01,
8191,1014,2249,6,2023-10-26 11:50:21,
2210,1013,3928,3,2022-05-23 18:23:09,
2914,1099,4661,7,2020-06-28 16:52:16,
4085,1117,962,5,2021-01-25 08:34:10,
939,1112,8086,6,2020-09-23 06:10:29,
3976,1066,4682,8,2021-05-11 13:06:34,
5873,1006,6666,7,2021-09-26 06:19:16,
4338,1035,1741,10,2023-04-19 21:26:19,
4797,1070,7588,9,2022-01-19 16:39:02,
6793,1118,8395,3,2020-05-11 21:46:49,
1583,1192,7400,9,2020-12-02 14:00:47,2021-05-23 06:27:42
5677,1009,3168,2,2020-12-28 06:32:41,
2313,1099,1416,6,2022-09-05 00:36:19,
3326,1020,9304,6,2023-08-28 16:16:10,
4826,1158,6402,10,2022-10-17 09:26:41,
126,1050,9026,3,2020-06-21 08:01:30,
8897,1125,962,1,2020-10-08 17:34:31,2023-02-01 17:16:49
2900,1066,2766,4,2022-05-01 02:08:17,
322,1147,4807,3,2021-08-16 15:48:44,
5707,1104,1461,1,2021-06-04 12:16:54,
8311,1014,8233,8,2022-03-24 13:40:30,2020-07-23 20:58:49
9192,1143,8953,3,2021-09-16 20:11:01,
298,1038,8233,7,2021-01-28 21:24:33,
2440,1193,3210,2,2022-05-14 09:31:40,2022-08-30 15:02:11
1669,1036,7720,1,2023-09-03 21:31:49,
3291,1030,3000,1,2022-01-11 04:37:55,
445,1106,690,5,2020-12-08 14:14:40,2023-01-11 20:31:00
8867,1152,9621,6,2020-10-17 15:16:47,
7649,1085,2609,1,2022-08-28 10:19:25,
4111,1006,7402,6,2021-09-26 02:13:35,
7952,1104,8938,10,2022-06-28 22:14:57,
6641,1156,7126,9,2023-08-11 09:09:19,2023-04-13 11:26:01
4653,1164,5847,9,2022-12-21 00:43:52,2021-05-23 12:06:51
2524,1115,7759,4,2023-03-19 01:27:07,
5943,1087,7219,10,2020-05-27 17:49:42,
1263,1193,1667,7,2021-03-23 08:48:41,2020-09-03 18:56:33
4407,1032,1975,10,2022-05-02 01:25:49,
708,1121,9677,1,2022-10-01 12:55:12,
6283,1046,5364,9,2022-04-03 13:42:14,
5369,1146,8463,5,2022-01-06 13:07:01,
2943,1118,3484,7,2021-10-23 18:26:16,
6144,1009,4277,3,2021-03-28 11:37:08,
7186,1025,4682,9,2020-03-27 12:29:22,
2143,1192,5584,3,2022-04-24 23:42:25,
7245,1129,9740,9,2022-11-25 05:52:08,2021-02-24 15:54:15
3524,1081,1679,8,2022-08-19 18:23:01,
5285,1074,9067,5,2022-06-30 23:21:34,
3332,1119,4197,1,2020-08-30 01:19:26,
6726,1113,2609,3,2023-09-02 00:27:01,
8621,1039,1596,5,2023-08-31 14:18:32,
6962,1144,488,6,2021-05-30 09:55:53,
6047,1043,7759,4,2023-03-20 18:35:22,
7055,1017,2464,5,2020-12-07 02:26:02,2022-02-06 16:20:45
7980,1152,3869,6,2021-07-27 02:42:27,2023-09-01 17:50:44
1284,1114,4228,6,2022-08-18 14:29:41,2023-10-02 07:04:53
4843,1111,6402,1,2021-03-14 02:19:15,
3336,1059,8395,6,2020-03-24 18:59:36,
8634,1185,1982,1,2020-09-02 13:38:04,
4219,1109,7981,3,2021-10-10 09:07:34,
400,1094,3928,7,2023-05-02 05:27:59,
3255,1040,3549,5,2023-01-27 08:48:54,
9477,1036,7156,8,2023-03-01 11:00:35,
3534,1175,4772,4,2022-10-26 08:33:46,
2931,1152,2249,2,2022-02-09 15:37:49,
8351,1073,1107,8,2021-03-16 06:27:09,
1277,1058,4778,10,2023-04-02 22:51:27,
3704,1193,545,1,2023-06-02 17:25:30,
1563,1049,2385,4,2023-03-12 17:59:12,2022-08-31 06:50:10
3489,1161,7380,6,2023-03-22 04:23:58,2023-10-15 10:58:58
1502,1117,6739,5,2023-08-30 16:12:49,
6292,1060,8463,2,2020-10-08 07:13:27,
8911,1109,9026,7,2023-05-18 00:32:06,
1311,1085,9354,2,2022-10-12 04:41:18,
3251,1144,545,10,2023-01-15 08:59:31,
1418,1147,4681,4,2021-09-05 17:16:05,2022-08-17 22:08:18
3258,1184,9864,1,2020-09-21 06:44:30,
3859,1083,2249,10,2021-04-21 18:24:08,
3166,1016,7791,3,2023-08-05 12:59:33,2020-07-04 07:42:58
7346,1012,519,3,2022-01-14 17:22:03,
1354,1037,1416,7,2020-08-29 07:19:48,2022-01-15 08:55:56
7052,1186,629,1,2021-03-26 22:18:06,
3142,1106,1975,4,2020-01-11 11:18:11,
4630,1184,4228,2,2020-04-11 18:30:36,
6268,1145,9609,1,2020-02-03 10:38:48,2020-02-14 15:17:26
9932,1054,9174,1,2023-09-02 19:33:36,
4307,1145,6761,9,2020-12-29 00:54:20,
6124,1042,9899,1,2020-12-10 13:51:25,
4472,1011,9174,8,2021-03-16 20:04:56,
6470,1043,8463,6,2020-10-29 05:20:53,
9742,1160,9772,4,2020-04-01 02:58:17,
4390,1037,4270,8,2020-10-01 18:24:29,
1771,1112,4105,3,2020-05-29 02:28:48,
6324,1159,7416,10,2021-10-13 14:06:54,
5013,1012,945,10,2020-04-21 22:28:33,
5742,1058,9348,10,2022-02-16 21:42:09,
4928,1174,572,9,2020-10-23 16:44:43,
3235,1111,7759,6,2022-07-24 03:05:24,
2468,1030,9629,2,2020-10-14 02:07:06,
6299,1047,7968,3,2023-06-09 01:16:44,
1809,1011,1736,5,2021-04-27 22:33:34,
9623,1061,9026,8,2020-11-09 00:23:21,
9366,1055,9677,8,2022-08-28 15:48:21,
7877,1143,8938,10,2021-04-26 20:48:52,
7348,1003,3245,5,2022-03-07 13:49:51,
4353,1067,5711,7,2020-02-13 23:58:50,
1102,1068,8214,6,2020-11-10 01:35:56,2022-03-19 15:30:19
8587,1043,8953,6,2020-01-03 12:25:02,
2305,1155,2205,10,2020-05-05 16:03:19,
7662,1124,5728,9,2023-08-14 11:44:05,
3918,1086,6761,1,2020-07-27 12:23:36,
9224,1130,7981,2,2020-08-28 22:12:19,
7890,1146,7484,7,2023-05-08 01:31:56,
5080,1036,3658,4,2020-03-28 05:17:32,2021-07-26 05:12:18
2292,1145,9067,1,2023-10-24 08:14:19,
7692,1167,8516,9,2020-05-24 08:02:56,
2406,1005,1233,6,2022-08-10 23:28:40,
7248,1189,1667,2,2023-01-01 14:25:42,
5872,1142,8298,2,2023-04-18 17:46:30,
9064,1100,1136,2,2023-04-30 13:31:52,
9873,1008,8407,1,2021-06-02 03:29:47,
5544,1018,3320,9,2021-07-09 01:50:49,2020-06-10 09:47:35
3564,1158,6493,5,2022-09-08 00:14:55,2021-12-09 11:10:51
7051,1045,5793,3,2023-01-26 16:02:19,
6946,1122,9629,9,2021-07-19 22:23:05,2023-02-27 00:21:07
6155,1188,3210,1,2022-10-05 04:01:29,
8877,1005,5692,4,2023-10-22 07:13:38,
731,1066,9740,1,2022-04-08 21:02:02,2021-07-16 12:14:29
2017,1190,5847,1,2020-07-03 03:24:50,
649,1057,1741,4,2021-07-04 21:09:59,2023-08-28 22:30:55
3196,1177,5131,8,2020-01-10 15:08:36,
9723,1036,5268,3,2023-07-24 12:23:41,
4965,1070,3931,1,2023-07-10 02:12:38,2021-02-26 13:14:13
5033,1190,9864,1,2021-02-14 20:52:34,
3782,1147,9174,4,2022-08-25 08:59:21,2023-08-19 05:35:19
4764,1086,3168,3,2020-10-22 18:16:02,
5294,1096,1741,7,2020-12-05 23:54:32,
7912,1085,8551,1,2021-06-28 07:52:12,2020-05-01 19:13:32
2361,1104,3923,4,2021-05-26 05:47:50,
9403,1192,8516,4,2022-01-11 23:55:12,
7661,1167,4228,3,2021-12-30 09:16:53,2023-01-17 14:01:49
5776,1177,3317,6,2020-10-22 21:15:03,
4507,1082,5584,4,2021-09-11 02:49:22,
1599,1011,9677,9,2022-03-01 07:41:01,2021-11-15 03:44:26
3135,1093,4270,4,2022-07-23 07:08:58,2020-03-14 18:50:22
2590,1093,3931,6,2020-12-02 02:22:06,
8265,1173,3848,2,2020-11-03 06:42:19,
2762,1171,2609,6,2021-01-01 13:45:52,
7655,1105,4268,8,2022-01-23 09:26:17,
1904,1084,3549,3,2022-07-03 21:36:28,2023-07-10 00:44:12
5034,1085,7761,3,2023-09-15 09:10:56,
390,1046,7981,6,2020-09-19 02:25:56,2021-08-19 18:08:52
3038,1004,2385,10,2020-03-20 10:40:10,
2166,1165,8463,6,2021-01-28 00:29:18,2023-05-31 08:16:38
3490,1085,3910,5,2020-11-29 21:10:50,
6265,1133,1408,1,2022-09-22 07:07:38,
1475,1114,3707,9,2021-08-19 02:57:05,
6942,1072,7588,6,2021-01-08 19:53:10,
9631,1047,1974,2,2021-08-06 18:21:12,
4798,1185,5847,3,2023-01-25 08:32:48,
4498,1162,3848,3,2020-02-27 21:42:18,
8017,1105,6266,2,2023-05-22 00:22:21,
1625,1114,9718,9,2022-05-02 08:22:51,
7304,1148,8365,7,2023-08-12 06:44:06,
5662,1026,3825,9,2021-11-06 10:42:54,
5039,1174,1974,8,2022-04-06 02:00:11,2022-09-29 06:49:39
8951,1009,7298,9,2020-03-27 03:46:37,
260,1146,3168,9,2022-07-09 12:18:40,
8562,1153,5313,3,2023-05-04 08:34:31,2021-08-01 12:40:16
7852,1137,9067,6,2022-10-08 00:53:37,2022-09-24 13:32:36
8259,1077,5847,3,2021-03-27 14:24:30,2020-08-12 22:29:24
7943,1178,9740,9,2023-05-15 13:17:29,
6695,1149,1596,5,2021-01-01 18:40:25,
7915,1140,6109,7,2021-01-16 05:01:47,
2080,1053,1224,10,2020-08-18 20:07:16,
7734,1097,7761,10,2021-08-28 20:43:45,
4788,1022,3026,9,2021-12-13 23:44:11,
8933,1108,8578,5,2023-07-10 22:05:49,
9122,1060,2252,7,2021-09-02 16:42:21,
3868,1033,3026,5,2021-09-10 12:08:30,
449,1015,4778,10,2021-04-23 19:02:50,
120,1175,1086,3,2022-09-07 22:11:41,2020-10-04 00:18:37
1297,1009,5711,5,2020-03-26 17:44:10,
367,1156,9026,2,2020-12-23 02:29:06,
122,1007,5728,2,2020-01-01 04:05:31,
4480,1050,4682,10,2022-07-24 06:06:21,2020-03-28 16:55:32
2608,1010,545,1,2022-02-27 01:02:12,
6002,1052,2385,9,2022-08-18 17:46:33,
8730,1159,3957,5,2022-04-22 12:33:42,
2755,1131,2448,9,2020-10-16 12:22:38,
3031,1097,3245,8,2022-12-03 15:15:16,2021-08-08 10:52:00
1592,1036,3026,5,2022-07-13 12:50:53,
6663,1177,8242,10,2021-07-27 17:01:12,2023-02-24 22:31:17
1121,1191,5268,9,2020-05-24 19:51:42,
2299,1030,4182,1,2021-11-10 07:55:51,
6226,1040,1679,8,2023-09-18 08:37:56,
7160,1019,9899,5,2022-01-06 07:17:09,
4263,1004,6666,2,2021-10-05 11:08:47,
8690,1123,519,2,2023-03-09 15:25:14,
6207,1072,4345,8,2020-06-18 18:27:35,
115,1182,4681,6,2023-06-23 00:51:43,
175,1134,3658,7,2020-03-29 02:05:35,
1480,1191,7893,5,2021-12-01 10:49:13,2020-11-26 08:46:34
2228,1044,8285,10,2021-01-08 22:15:21,
874,1008,7049,5,2023-07-10 08:13:28,
2384,1055,2156,5,2021-02-14 20:18:48,2023-05-20 08:56:55
4674,1005,839,7,2023-09-09 17:44:24,2021-12-29 10:09:49
2788,1138,7593,10,2023-05-22 12:55:27,
1657,1151,9899,6,2020-11-26 06:19:47,
1273,1128,1667,6,2021-09-03 23:04:42,2020-10-03 23:26:35
9177,1139,6111,9,2023-01-08 13:48:35,
452,1006,3825,10,2021-03-20 01:12:04,
4035,1135,1233,7,2023-07-08 13:47:33,
4259,1116,6733,1,2021-03-14 06:16:38,
8558,1189,4807,3,2021-04-24 20:30:55,
7750,1143,9718,5,2020-02-04 06:13:48,
5198,1153,6137,4,2022-08-16 23:57:56,
1946,1048,2766,10,2020-02-19 00:14:52,
277,1131,8242,6,2022-02-26 22:31:29,
9497,1037,3245,3,2021-12-13 07:56:10,
6010,1094,7298,1,2020-11-26 03:28:32,
5254,1025,1408,3,2020-11-13 15:30:34,
6852,1015,7416,5,2022-07-13 03:10:44,
8070,1076,3317,10,2023-08-04 13:37:49,
7168,1114,6121,10,2022-11-23 11:23:02,
3476,1065,1461,10,2023-07-29 18:54:59,
1361,1188,5574,2,2022-12-10 03:47:51,2021-10-12 10:21:58
7306,1035,3549,3,2020-08-06 03:40:29,
269,1119,5364,2,2020-06-15 06:59:31,
9983,1162,7762,1,2021-01-05 22:41:15,
3581,1103,8365,4,2020-06-06 06:40:32,
4598,1020,9354,5,2023-02-18 16:33:57,
4673,1179,6739,7,2023-07-05 14:52:03,2021-03-02 05:08:19
1621,1065,8293,1,2022-09-24 02:20:49,2023-05-09 17:47:58
775,1074,8578,7,2020-01-21 18:41:40,
2947,1167,7893,2,2021-03-19 00:02:27,
6885,1068,1493,2,2020-10-04 13:17:26,
8657,1035,6266,2,2022-04-25 02:55:25,
3441,1146,3168,7,2021-08-01 03:08:18,
5115,1154,5692,3,2021-07-02 02:16:14,2021-12-05 05:01:58
4233,1014,9067,10,2023-04-11 18:21:04,
7370,1178,3168,7,2023-07-18 04:09:49,
6629,1080,1224,1,2021-03-21 02:18:57,
5422,1089,9304,9,2023-07-05 04:58:25,
4605,1092,7982,5,2022-04-07 05:42:06,
2226,1190,8846,4,2023-10-02 12:59:01,
9541,1153,9940,10,2021-06-02 12:24:39,
2771,1142,1408,3,2021-10-30 19:19:09,
4275,1115,6030,3,2020-01-27 04:03:23,
2295,1117,9609,5,2021-02-25 13:58:40,
6213,1005,7593,2,2023-02-18 20:22:00,2022-06-28 17:43:35
7059,1071,7188,7,2021-05-03 02:49:53,
8405,1080,4661,4,2022-07-09 21:49:43,
1281,1026,5313,2,2023-08-14 10:52:38,2022-10-27 00:39:38
2912,1090,8298,4,2023-03-16 10:59:41,
6792,1019,7484,2,2020-06-18 12:20:48,
1708,1031,8064,6,2022-02-26 15:06:44,
1351,1020,3652,7,2023-09-11 06:12:02,
4727,1121,4681,1,2021-04-07 21:44:57,2021-03-24 00:50:01
7785,1019,9067,4,2022-12-24 12:34:57,2022-11-15 17:55:58
7624,1052,5561,7,2022-10-31 21:26:00,
2642,1026,9183,3,2022-11-20 04:16:48,2022-10-29 02:24:13
6450,1014,8407,4,2023-02-14 06:34:37,
7255,1124,7188,5,2022-03-13 15:36:07,2022-08-09 00:51:12
1059,1132,8393,5,2022-12-04 04:16:47,2023-04-07 10:26:40
5436,1030,1461,10,2023-07-04 09:18:30,
541,1020,2418,3,2023-01-30 19:57:40,2021-04-08 18:33:46
212,1151,7219,10,2023-02-01 05:54:22,
3395,1085,9421,6,2020-10-03 13:44:46,
2584,1052,4681,4,2022-05-02 20:29:02,
3340,1156,1224,9,2023-05-28 12:21:00,
9968,1021,7219,8,2023-01-23 02:00:08,
1499,1023,488,9,2021-07-06 13:02:00,
1036,1139,4277,7,2022-10-17 22:47:26,
4880,1063,8407,8,2020-05-28 22:03:00,
2451,1160,9677,1,2020-01-28 06:52:55,2023-03-21 19:08:39
4398,1064,5364,3,2022-08-10 22:06:22,
154,1072,1493,6,2023-10-01 00:47:28,
2838,1081,1974,4,2022-04-04 07:20:15,
6635,1082,4682,5,2020-03-24 00:17:29,
7763,1104,6121,4,2022-03-10 13:35:06,
1623,1131,4228,8,2022-11-29 14:38:35,
330,1152,4442,9,2021-06-15 08:48:47,
5566,1047,2205,4,2020-11-19 00:13:57,
458,1145,8298,5,2022-09-22 20:27:42,
3686,1137,1974,4,2022-07-19 20:41:34,
9339,1130,4661,9,2020-07-20 13:50:22,
8925,1055,66,6,2020-12-10 13:07:47,
9253,1166,3210,4,2020-07-01 19:11:04,
3230,1169,3026,3,2022-10-19 05:29:04,2020-09-08 16:21:26
446,1104,9304,2,2020-10-14 22:04:32,
5848,1140,7126,10,2023-06-29 05:54:35,
6953,1110,6807,5,2022-10-27 03:50:40,
2694,1079,5561,7,2021-03-02 03:08:17,
1495,1037,183,2,2022-09-20 00:37:53,
3114,1165,5711,3,2020-03-08 02:50:31,
527,1173,8354,6,2021-05-28 10:16:12,
5580,1041,5574,8,2022-07-13 14:30:07,
239,1179,3000,6,2022-09-21 02:58:30,
2822,1015,545,4,2020-06-13 20:56:55,
2828,1054,3728,7,2022-02-25 04:31:36,
1800,1130,9421,5,2022-06-24 09:23:44,2020-07-07 17:12:47
3569,1052,4197,10,2022-10-24 04:46:31,
3483,1093,8550,8,2022-03-01 07:49:22,
3708,1125,2464,3,2022-07-29 13:27:22,2023-01-12 11:11:50
9101,1072,9974,2,2023-06-09 04:00:41,
5785,1124,8551,2,2021-12-29 14:26:32,
405,1034,7593,8,2021-07-06 00:30:28,
2020,1060,3168,2,2020-08-26 05:08:14,
1390,1079,8953,10,2022-12-01 07:13:40,
2508,1052,3869,1,2023-01-29 06:01:49,
9979,1005,9899,8,2020-07-24 20:42:50,
1153,1054,4182,2,2023-07-05 02:53:47,
1927,1003,8293,1,2023-05-28 16:50:15,
8449,1120,4556,7,2021-12-27 12:16:22,
8912,1031,8393,10,2023-06-19 05:38:11,
7733,1008,3848,1,2021-11-24 23:38:11,
3174,1155,1493,5,2021-05-30 14:39:37,
8658,1113,7982,1,2022-05-16 13:14:01,2021-07-09 21:53:40
331,1114,8618,6,2020-06-24 06:35:02,
3481,1019,8214,1,2020-12-07 05:49:16,
5397,1008,5561,10,2021-12-26 01:18:56,
7771,1122,6594,2,2022-11-20 14:27:24,2022-12-31 09:17:47
2103,1171,3602,6,2021-12-27 15:23:39,
1269,1056,5715,6,2023-07-12 13:44:42,
3145,1099,5131,3,2021-02-28 10:44:58,
8806,1015,572,2,2020-12-24 04:21:51,
3199,1189,2609,7,2022-09-14 07:37:10,
8811,1107,5313,1,2022-03-02 22:27:51,
370,1074,6666,6,2021-02-04 21:12:28,2023-07-29 08:35:29
4125,1160,1224,4,2021-12-10 08:42:26,
4504,1177,5574,4,2022-03-14 13:31:31,
5696,1191,8830,6,2020-08-23 15:05:18,
1897,1074,962,2,2023-07-09 13:49:30,
3393,1182,545,2,2022-11-08 05:10:42,
2671,1031,134,4,2022-05-15 05:53:20,
3633,1025,7156,6,2022-10-01 02:12:42,
3973,1128,9183,1,2021-01-14 03:22:41,
3040,1077,2249,7,2021-09-27 12:49:19,2022-01-06 12:31:21
9157,1139,7402,3,2023-06-13 13:34:00,2021-11-09 18:00:15
2296,1100,962,10,2020-07-25 21:40:46,2020-10-30 14:28:33
3637,1187,5715,8,2023-10-13 13:23:10,
2849,1103,3869,1,2023-08-14 12:35:25,
8993,1111,5692,5,2021-04-27 02:26:56,
3947,1010,5313,7,2022-03-01 09:14:21,
5974,1136,1181,6,2021-01-24 13:35:30,
5070,1024,6030,3,2020-02-25 15:51:05,
9770,1081,1024,8,2022-01-27 20:22:38,2021-01-31 22:01:59
2454,1154,8365,6,2023-03-24 04:57:10,
5929,1035,9456,3,2020-11-24 04:30:41,
5438,1149,1752,7,2023-08-31 22:55:20,2020-04-05 17:40:47
1990,1076,9421,1,2023-01-25 21:04:23,2022-02-07 19:48:45
9236,1106,4105,2,2022-12-04 18:56:44,
8701,1050,66,6,2021-12-16 21:45:19,2021-03-02 07:17:22
149,1121,7158,2,2021-04-13 08:40:55,
7581,1079,7402,5,2023-04-20 22:52:24,
6538,1047,137,1,2021-08-10 19:35:40,
34,1066,3245,6,2021-06-29 00:35:44,
996,1140,7402,8,2020-05-07 20:28:15,
9003,1076,8233,3,2021-09-07 03:55:41,
5103,1110,3432,7,2020-02-29 11:22:49,
4612,1072,1107,5,2022-07-08 03:32:29,
9590,1150,839,8,2021-03-22 23:57:47,
3383,1131,5131,6,2022-06-28 15:37:48,2020-08-14 18:28:20
125,1045,6666,1,2022-08-02 09:13:35,
3706,1102,1493,3,2022-11-24 22:10:00,2020-04-01 23:06:12
8306,1077,1741,4,2020-11-07 06:24:46,
5216,1150,7981,1,2022-11-18 17:07:11,
4629,1128,3317,2,2022-09-22 07:33:31,2021-05-03 11:32:17
5424,1124,4182,2,2020-01-05 08:40:21,
177,1098,362,8,2023-09-06 09:35:45,
8879,1191,6137,3,2020-01-06 15:42:56,2022-03-03 03:05:56
6430,1137,9174,6,2023-01-24 09:16:30,
8603,1120,6761,8,2021-01-10 08:19:02,
5583,1038,2252,3,2023-08-05 16:04:21,
7751,1142,9677,1,2020-07-27 14:09:28,2022-04-09 02:44:08
5948,1035,5715,5,2020-01-29 23:15:39,
9599,1025,1975,5,2021-01-03 10:34:22,
1834,1183,690,4,2022-01-17 05:36:17,2020-06-30 21:25:29
3314,1161,8242,7,2022-12-04 10:45:03,
6049,1168,4228,5,2023-04-13 06:25:06,2023-07-05 17:05:53
3968,1043,7720,1,2020-08-23 23:34:25,
1267,1019,9677,1,2022-03-24 07:32:16,
18,1091,3432,2,2023-09-10 21:34:04,
3185,1020,3317,9,2021-04-25 04:48:11,
4384,1130,1667,1,2020-10-21 23:03:16,
6775,1104,945,7,2023-01-23 17:52:28,
5954,1072,3931,2,2023-04-20 15:59:20,
3342,1115,6596,1,2023-03-19 23:26:18,
4510,1005,1181,3,2021-11-19 01:22:02,
5164,1112,4270,5,2023-01-15 19:26:31,
2816,1041,7720,3,2023-09-29 12:04:37,2020-09-26 08:39:37
8575,1145,3091,8,2020-04-30 04:41:37,
9051,1049,7380,4,2021-07-21 05:24:00,
5606,1147,3869,5,2021-11-22 16:12:41,
1210,1021,4105,7,2020-08-16 02:01:46,2020-12-04 04:24:11
2654,1168,7981,2,2022-03-24 14:08:08,
8869,1152,3245,8,2020-12-18 19:31:40,
749,1165,2448,1,2023-01-23 22:24:49,
3297,1160,7588,7,2021-07-11 23:59:09,2023-08-23 22:32:42
7971,1095,3210,10,2021-01-23 00:57:32,
7837,1104,2252,4,2022-12-04 12:43:38,
5679,1132,3728,2,2021-11-27 14:53:41,
7797,1131,8395,10,2022-06-21 20:06:51,
6701,1093,5313,2,2021-11-05 16:53:19,
3532,1078,7400,8,2023-02-12 18:56:12,
280,1128,7126,6,2023-06-13 21:33:24,
2793,1092,3168,10,2022-10-07 02:50:07,2023-06-28 10:08:58
6802,1171,6733,5,2023-05-26 18:15:49,
4587,1123,545,10,2021-01-16 19:51:00,
8872,1045,3211,5,2023-05-04 22:51:46,
8570,1136,3825,3,2021-01-07 21:07:11,2023-05-28 09:04:22
4697,1026,134,6,2020-04-26 10:28:40,2021-05-07 16:28:30
7271,1151,3210,2,2020-01-15 18:25:02,2023-09-12 01:14:33
5768,1031,5728,4,2023-07-31 00:32:19,
4718,1022,9456,5,2020-12-25 08:55:10,2020-05-16 17:43:43
5355,1178,2205,9,2022-07-02 09:33:34,
5615,1024,7588,7,2022-05-19 23:01:31,
6414,1157,945,8,2023-06-02 07:50:21,
1810,1064,5728,2,2020-12-01 15:55:59,
8855,1177,4197,5,2022-11-18 11:29:33,2020-06-20 19:49:38
7431,1076,3923,7,2021-08-23 19:24:44,
7184,1135,8550,3,2020-02-25 14:42:47,2022-08-23 23:20:13
4947,1101,137,2,2023-10-06 02:26:41,
4183,1126,3026,1,2023-06-09 23:29:19,
9604,1189,8365,3,2021-09-15 14:18:09,
4613,1125,9304,3,2021-01-26 01:20:55,
7391,1061,2766,9,2023-07-03 03:48:49,
2225,1086,7762,4,2022-06-12 22:08:10,
4136,1124,3931,1,2021-03-24 12:05:27,
215,1106,6317,7,2020-04-22 12:34:47,
3666,1044,1086,4,2021-05-14 02:15:36,
8905,1006,4661,6,2023-07-28 17:02:04,2023-09-11 05:03:35
3443,1106,7268,5,2020-05-26 04:11:29,2022-12-06 01:34:33
8252,1186,7380,7,2020-10-06 12:50:22,2022-03-10 05:30:41
1345,1123,1741,8,2023-09-09 01:12:25,
4581,1149,1224,9,2022-04-21 23:15:50,2023-05-09 14:35:42
4837,1191,2927,1,2020-06-01 06:02:21,
6404,1189,9140,3,2023-07-29 20:05:42,
2564,1058,3211,6,2020-11-17 15:20:22,
4130,1172,183,1,2022-05-24 22:51:09,
7024,1070,1086,3,2023-10-26 17:38:34,
256,1134,3446,8,2022-04-29 12:24:32,
2726,1102,8393,1,2021-10-17 07:55:23,
4066,1023,9421,3,2021-06-06 01:14:50,
6643,1178,9183,3,2023-10-13 06:09:59,2022-02-26 06:51:14
6742,1085,8938,4,2021-10-29 17:06:08,
848,1000,3245,2,2020-06-18 22:27:42,
98,1088,2664,7,2021-11-20 02:48:09,2023-01-28 07:31:50
8645,1035,9839,2,2023-06-03 18:44:49,
9842,1180,3957,5,2021-10-04 09:36:24,
9356,1083,4277,3,2021-03-19 13:44:37,2022-07-15 10:36:20
8607,1176,183,9,2023-06-20 19:04:33,
2907,1043,4807,8,2020-07-06 19:32:16,
4329,1100,5561,6,2021-11-08 19:43:12,2020-05-20 03:39:20
