id,product_id,customer_id,price,decimal_part,sku,create_time
1,1017,7593,6567,61,877,1673007411
2,1039,519,1310,43,526,1582469864
3,1163,7158,6532,51,905,1653655529
4,1024,3026,3247,61,368,1673085456
5,1137,1596,635,34,453,1679836028
6,1089,2609,1818,84,800,1611733467
7,1141,4682,6425,72,637,1633399505
8,1025,7762,2091,34,465,1692729650
9,1057,8407,4114,60,809,1589388718
10,1004,5313,9194,4,129,1626410240
11,1037,7982,8553,26,382,1678374607
12,1008,8953,1566,69,879,1691680044
13,1011,6666,7259,75,438,1653888990
14,1142,4277,1649,80,516,1589465908
15,1099,8354,6550,27,982,1578813222
16,1168,5847,4501,18,490,1611970956
17,1113,5561,3558,50,887,1695003725
18,1001,629,781,45,982,1626719059
19,1173,6763,8956,52,694,1613648067
20,1180,1974,7614,97,107,1649487854
21,1175,8086,3787,11,809,1658874995
22,1050,137,7786,60,453,1591170195
23,1055,1679,3159,75,184,1631369298
24,1139,6121,3032,61,621,1660073001
25,1154,6493,427,95,616,1659317204
26,1010,7049,3946,90,107,1625159080
27,1181,1667,3876,69,750,1679158150
28,1129,3211,255,9,880,1603758085
29,1018,3652,2203,71,568,1610144797
30,1007,1926,1386,84,476,1621093575
31,1192,9629,3850,34,366,1663920972
32,1113,5131,3558,50,887,1609520554
33,1065,1736,3774,73,868,1653691585
34,1048,7188,1299,36,954,1616183144
35,1053,8551,9860,72,325,1639886738
36,1127,9621,2385,28,537,1632295798
37,1044,9718,9166,15,858,1605704622
38,1095,2664,432,12,518,1617078169
39,1021,1975,1513,83,190,1600515252
40,1013,5847,8581,77,662,1680148165
41,1137,3317,635,34,453,1680773614
42,1189,3707,5263,40,348,1666697330
43,1038,4681,5290,90,125,1636703674
44,1003,1982,4414,10,658,1592406111
45,1166,1416,2989,3,237,1640739578
46,1030,4182,7671,32,738,1589592334
47,1140,4012,1119,91,130,1592812458
48,1067,7188,4659,38,118,1661653860
49,1028,9677,9425,23,227,1607859680
50,1165,3446,66,1,634,1656491100
51,1189,8214,5263,40,348,1652938360
52,1104,1416,2040,58,824,1653852885
53,1096,3026,3176,7,328,1697397203
54,1149,9026,9890,95,559,1589186128
55,1137,3446,635,34,453,1590611874
56,1003,6666,4414,10,658,1636046731
57,1076,8846,1603,63,320,1625688967
58,1131,8463,2064,3,237,1609390528
59,1091,7402,1335,49,479,1682380327
60,1100,5313,839,99,837,1677419811
61,1030,1408,7671,32,738,1657230323
62,1114,1975,4115,14,806,1645419211
63,1190,3707,4852,82,858,1637370937
64,1100,9899,839,99,837,1585035885
65,1120,3602,815,3,694,1634027493
66,1053,2385,9860,72,325,1693588796
67,1018,5715,2203,71,568,1634052285
68,1139,9899,3032,61,621,1696052388
69,1140,6109,1119,91,130,1667325867
70,1125,7968,9004,84,243,1602381913
71,1110,1667,6606,40,869,1617264013
72,1096,8285,3176,7,328,1595176220
73,1091,9348,1335,49,479,1646310328
74,1070,9026,5940,17,722,1638461256
75,1026,2156,4600,47,437,1676894982
76,1096,5847,3176,7,328,1678928578
77,1131,9140,2064,3,237,1636238188
78,1139,7219,3032,61,621,1672043882
79,1166,7720,2989,3,237,1627647171
80,1085,6763,6699,52,751,1638519761
81,1018,9677,2203,71,568,1581043807
82,1093,7380,4517,39,178,1637334960
83,1149,9421,9890,95,559,1584214166
84,1114,3658,4115,14,806,1600157280
85,1077,2448,2866,15,721,1621144294
86,1070,6266,5940,17,722,1580611761
87,1125,1233,9004,84,243,1622121442
88,1102,9839,3587,1,465,1608373687
89,1117,3069,7924,0,948,1649555355
90,1074,9174,9238,60,775,1693265456
91,1139,362,3032,61,621,1605319608
92,1070,8395,5940,17,722,1605676582
93,1060,1164,391,93,752,1644765673
94,1184,519,2632,88,480,1676252862
95,1058,9421,3450,90,979,1659942629
96,1158,134,8231,65,870,1600677538
97,1176,1086,7470,13,379,1615511560
98,1179,8938,3085,63,208,1581202489
99,1055,2609,3159,75,184,1663943836
100,1172,3484,2274,51,894,1691478340
101,1023,9354,5302,65,739,1692581364
102,1004,3957,9194,4,129,1690259760
103,1166,1408,2989,3,237,1615991919
104,1018,1596,2203,71,568,1634774449
105,1151,8938,3915,28,596,1650288105
106,1125,690,9004,84,243,1666102267
107,1072,7400,6691,72,579,1586932027
108,1102,9348,3587,1,465,1685929539
109,1175,1636,3787,11,809,1650287841
110,1148,1024,9932,68,682,1614423442
111,1051,8463,794,52,231,1689552786
112,1098,9348,1783,99,440,1671182726
113,1089,1741,1818,84,800,1580235922
114,1160,7402,6260,6,182,1629358436
115,1050,8393,7786,60,453,1685911912
116,1081,945,2050,67,994,1693168892
117,1067,9798,4659,38,118,1632327341
118,1175,9348,3787,11,809,1606792361
119,1144,8233,196,21,956,1615549501
120,1186,362,1953,9,647,1606654700
121,1171,3602,1277,45,859,1681846292
122,1051,3910,794,52,231,1649661788
123,1035,4345,5474,88,324,1647772637
124,1001,8407,781,45,982,1604498224
125,1128,3923,255,78,933,1589552416
126,1035,572,5474,88,324,1652746815
127,1012,572,7596,47,484,1583249186
128,1180,4182,7614,97,107,1581687788
129,1061,945,2914,73,692,1696137510
130,1042,2464,1668,89,562,1628924967
131,1053,3320,9860,72,325,1647524284
132,1108,8463,7977,65,461,1615069062
133,1092,7219,7058,42,655,1578591774
134,1177,962,4703,72,985,1677830906
135,1065,5131,3774,73,868,1659592892
136,1004,2609,9194,4,129,1621965418
137,1040,3602,2156,51,361,1601129833
138,1148,9527,9932,68,682,1638680781
139,1156,7968,7143,3,245,1639625356
140,1060,6596,391,93,752,1672742235
141,1105,1164,4496,73,420,1665431535
142,1027,7720,2876,5,549,1658883485
143,1189,2927,5263,40,348,1693580209
144,1057,7380,4114,60,809,1592633022
145,1068,9609,3207,44,594,1682389625
146,1062,1024,6662,26,353,1628764417
147,1085,8550,6699,52,751,1676235797
148,1124,9140,7239,43,546,1579227161
149,1091,6109,1335,49,479,1659301260
150,1101,1107,4143,52,705,1627770074
151,1144,7893,196,21,956,1653927914
152,1110,2418,6606,40,869,1655468356
153,1101,8242,4143,52,705,1630919954
154,1171,7049,1277,45,859,1598315201
155,1081,2418,2050,67,994,1622202553
156,1077,2609,2866,15,721,1584618521
157,1118,3652,3368,17,640,1614273174
158,1072,5313,6691,72,579,1587317657
159,1173,7416,8956,52,694,1580801852
160,1028,3549,9425,23,227,1661243431
161,1163,7484,6532,51,905,1601688362
162,1096,1461,3176,7,328,1596385065
163,1039,9677,1310,43,526,1643786005
164,1155,6596,7169,39,440,1600517755
165,1164,9026,309,50,639,1599979064
166,1022,4442,2698,44,832,1631159686
167,1049,9421,1823,31,374,1644668630
168,1146,2156,3088,59,782,1584537256
169,1121,7762,8651,35,880,1684115285
170,1075,1741,6422,60,743,1621091032
171,1155,3923,7169,39,440,1605811991
172,1101,3210,4143,52,705,1672930173
173,1136,545,2977,59,458,1595010846
174,1057,4807,4114,60,809,1638753090
175,1163,545,6532,51,905,1600145037
176,1067,8242,4659,38,118,1654131578
177,1079,3091,7385,81,671,1658218416
178,1139,8365,3032,61,621,1691466650
179,1007,5131,1386,84,476,1694511616
180,1034,7156,2861,34,519,1639470616
181,1037,5499,8553,26,382,1585312299
182,1042,3432,1668,89,562,1621014708
183,1030,183,7671,32,738,1590660114
184,1192,8064,3850,34,366,1680556677
185,1162,9421,4878,28,322,1636671634
186,1173,6030,8956,52,694,1656362323
187,1089,4105,1818,84,800,1688510456
188,1155,3210,7169,39,440,1579327371
189,1014,6666,3490,80,999,1614271899
190,1005,9621,2004,32,267,1585864400
191,1071,3245,3154,44,758,1668702107
192,1091,3069,1335,49,479,1682913091
193,1046,3652,3616,38,326,1692345656
194,1178,4682,7441,14,675,1666391923
195,1183,1741,4349,64,595,1646652372
196,1024,6739,3247,61,368,1695397001
197,1107,6761,3766,69,494,1679699260
198,1114,7416,4115,14,806,1640454317
199,1111,962,4784,68,736,1690393140
200,1138,8407,6391,31,851,1621332711
201,1165,3432,66,1,634,1600402289
202,1049,6137,1823,31,374,1598590114
203,1040,9864,2156,51,361,1594452434
204,1051,3707,794,52,231,1671662155
205,1045,8463,4096,36,508,1666154726
206,1023,8578,5302,65,739,1615784588
207,1004,9864,9194,4,129,1579356599
208,1014,1086,3490,80,999,1626082490
209,1020,5692,5975,39,783,1688368667
210,1063,9354,5168,35,251,1580894099
211,1128,962,255,78,933,1629071156
212,1154,9740,427,95,616,1612918871
213,1121,6594,8651,35,880,1616428932
214,1141,9718,6425,72,637,1685404959
215,1146,7158,3088,59,782,1661609201
216,1144,2766,196,21,956,1615448901
217,1013,3210,8581,77,662,1639435170
218,1136,4228,2977,59,458,1617348581
219,1006,7380,5737,51,921,1653073820
220,1047,8285,9065,1,287,1605918208
221,1070,6266,5940,17,722,1585004064
222,1128,7761,255,78,933,1602831360
223,1134,3707,3579,78,590,1628496705
224,1097,6763,6948,43,233,1589672838
225,1012,8618,7596,47,484,1617906783
226,1164,7759,309,50,639,1592566302
227,1157,2766,8027,56,912,1613164895
228,1186,8618,1953,9,647,1638253940
229,1031,3446,8229,39,987,1587952595
230,1010,6594,3946,90,107,1654449587
231,1121,1086,8651,35,880,1660362514
232,1066,690,8358,35,448,1642972910
233,1071,6594,3154,44,758,1676427807
234,1186,8395,1953,9,647,1589265052
235,1073,9174,4874,73,374,1600392177
236,1036,2249,711,73,666,1634796875
237,1144,7156,196,21,956,1685719091
238,1040,7759,2156,51,361,1690157685
239,1121,1636,8651,35,880,1691439346
240,1104,8938,2040,58,824,1598251580
241,1173,1596,8956,52,694,1678631463
242,1094,5715,535,96,559,1636934723
243,1153,8463,490,22,336,1610086296
244,1099,9798,6550,27,982,1644795722
245,1045,9864,4096,36,508,1696467721
246,1148,3210,9932,68,682,1660584173
247,1147,6137,9767,86,885,1677071406
248,1092,1596,7058,42,655,1620541582
249,1059,3245,242,96,618,1594452492
250,1064,3026,8357,46,108,1614390100
251,1070,8463,5940,17,722,1619164410
252,1078,7762,7407,63,289,1636142115
253,1155,9140,7169,39,440,1621312167
254,1113,6596,3558,50,887,1667367601
255,1167,488,105,53,832,1636941506
256,1109,5131,1462,33,221,1625330256
257,1061,2249,2914,73,692,1669891731
258,1133,3652,4220,46,318,1625468194
259,1036,8354,711,73,666,1640477115
260,1140,5499,1119,91,130,1610200284
261,1086,8395,7631,90,186,1646100298
262,1091,9140,1335,49,479,1696228819
263,1011,3652,7259,75,438,1588897481
264,1113,3168,3558,50,887,1583154130
265,1107,8354,3766,69,494,1583534496
266,1160,5728,6260,6,182,1609560086
267,1171,4778,1277,45,859,1599945599
268,1107,6594,3766,69,494,1654871796
269,1070,1975,5940,17,722,1591912852
270,1018,8293,2203,71,568,1669860094
271,1102,7791,3587,1,465,1663425942
272,1125,4268,9004,84,243,1643025849
273,1024,66,3247,61,368,1631745937
274,1053,1024,9860,72,325,1605892214
275,1014,9839,3490,80,999,1646236998
276,1126,6317,7229,38,952,1604192067
277,1186,8354,1953,9,647,1669133115
278,1060,8938,391,93,752,1653340919
279,1169,9621,4686,11,772,1586018101
280,1078,8365,7407,63,289,1668211927
281,1117,2664,7924,0,948,1681102169
282,1112,7484,9025,17,665,1630291895
283,1065,4105,3774,73,868,1631320081
284,1159,690,9909,19,528,1686402095
285,1005,1233,2004,32,267,1680306917
286,1171,3825,1277,45,859,1593192336
287,1066,6266,8358,35,448,1580298340
288,1145,5561,9776,45,792,1674181746
289,1104,7158,2040,58,824,1690662468
290,1150,2448,2492,48,305,1617427013
291,1041,7759,846,9,663,1623939981
292,1134,5847,3579,78,590,1590926753
293,1010,66,3946,90,107,1610944569
294,1083,5574,9388,5,309,1650215325
295,1156,7416,7143,3,245,1670452511
296,1184,5711,2632,88,480,1596195019
297,1049,4046,1823,31,374,1658402390
298,1149,1136,9890,95,559,1591860065
299,1172,1636,2274,51,894,1640882392
300,1094,3923,535,96,559,1659469209
301,1019,4268,6675,27,700,1590586781
302,1088,1974,6063,38,811,1678342686
303,1032,6137,549,21,618,1640438459
304,1147,8578,9767,86,885,1631905256
305,1031,9864,8229,39,987,1675860627
306,1163,8064,6532,51,905,1611064598
307,1092,8242,7058,42,655,1604154689
308,1002,2156,9616,46,257,1636623072
309,1026,2927,4600,47,437,1599384415
310,1162,3000,4878,28,322,1644298440
311,1007,9183,1386,84,476,1648022521
312,1122,1926,7570,10,925,1610842428
313,1100,6030,839,99,837,1682871336
314,1106,362,9221,51,709,1579166196
315,1052,6121,5388,80,820,1697101408
316,1127,7761,2385,28,537,1629228935
317,1030,7219,7671,32,738,1689768868
318,1170,6596,5707,93,981,1586480491
319,1062,8393,6662,26,353,1656729802
320,1170,2418,5707,93,981,1614671221
321,1180,3432,7614,97,107,1605216959
322,1182,9304,9717,34,609,1614935993
323,1177,572,4703,72,985,1652756766
324,1112,1596,9025,17,665,1642388677
325,1061,3602,2914,73,692,1642179276
326,1150,4277,2492,48,305,1637296505
327,1066,6317,8358,35,448,1638132126
328,1162,4012,4878,28,322,1654362927
329,1123,8846,1408,79,295,1627443493
330,1167,5574,105,53,832,1627458990
331,1058,9219,3450,90,979,1619839277
332,1089,9456,1818,84,800,1578403213
333,1045,8551,4096,36,508,1693849667
334,1097,3869,6948,43,233,1637602258
335,1164,839,309,50,639,1599871601
336,1040,2205,2156,51,361,1628304730
337,1154,7126,427,95,616,1586952872
338,1158,2766,8231,65,870,1589766692
339,1106,5561,9221,51,709,1596362772
340,1124,7400,7239,43,546,1676904979
341,1077,2927,2866,15,721,1668763672
342,1096,1982,3176,7,328,1631947130
343,1040,572,2156,51,361,1657815239
344,1125,3957,9004,84,243,1695755201
345,1099,7484,6550,27,982,1677084742
346,1022,5584,2698,44,832,1681374106
347,1184,4647,2632,88,480,1598355921
348,1027,629,2876,5,549,1641016862
349,1035,2664,5474,88,324,1662943555
350,1100,6266,839,99,837,1585175972
351,1079,4556,7385,81,671,1694997161
352,1110,1086,6606,40,869,1693523100
353,1034,8285,2861,34,519,1695842432
354,1014,134,3490,80,999,1612402176
355,1049,8285,1823,31,374,1642714219
356,1184,1233,2632,88,480,1678176754
357,1027,1636,2876,5,549,1687095026
358,1146,3910,3088,59,782,1664728935
359,1044,3320,9166,15,858,1690113905
360,1114,6493,4115,14,806,1694705268
361,1034,1667,2861,34,519,1665779324
362,1045,629,4096,36,508,1680630983
363,1146,3320,3088,59,782,1609476252
364,1070,7156,5940,17,722,1637717722
365,1072,1982,6691,72,579,1663583731
366,1183,5692,4349,64,595,1629273034
367,1142,3652,1649,80,516,1617040594
368,1117,137,7924,0,948,1674720905
369,1074,7593,9238,60,775,1694182499
370,1120,9798,815,3,694,1660358941
371,1016,6763,4562,19,854,1697949282
372,1056,7593,1084,24,318,1613365096
373,1110,9609,6606,40,869,1667715607
374,1017,4682,6567,61,877,1660168480
375,1044,3910,9166,15,858,1675538210
376,1027,4182,2876,5,549,1634284698
377,1000,1736,9970,35,553,1608784440
378,1140,4046,1119,91,130,1597691208
379,1125,8293,9004,84,243,1677048923
380,1058,362,3450,90,979,1663343241
381,1015,7298,5486,53,219,1629199364
382,1035,1975,5474,88,324,1682972480
383,1037,488,8553,26,382,1580572569
384,1189,6763,5263,40,348,1645668359
385,1055,4268,3159,75,184,1694645150
386,1143,8516,5031,93,832,1657481048
387,1171,9864,1277,45,859,1589787200
388,1115,690,1942,98,431,1636999092
389,1030,9140,7671,32,738,1662765813
390,1105,1107,4496,73,420,1580349181
391,1175,8298,3787,11,809,1646378159
392,1003,6733,4414,10,658,1621729733
393,1144,4778,196,21,956,1603845808
394,1001,5711,781,45,982,1596285154
395,1186,8618,1953,9,647,1601290520
396,1044,3211,9166,15,858,1695303238
397,1030,9747,7671,32,738,1686833529
398,1038,9629,5290,90,125,1683992275
399,1119,3446,4415,7,238,1593894680
400,1120,4277,815,3,694,1578237626
401,1074,519,9238,60,775,1693775254
402,1149,7762,9890,95,559,1594820226
403,1006,5561,5737,51,921,1648055937
404,1106,7761,9221,51,709,1621489928
405,1020,5584,5975,39,783,1620337905
406,1104,7158,2040,58,824,1640155034
407,1073,4345,4874,73,374,1627551695
408,1083,3168,9388,5,309,1585756903
409,1181,3658,3876,69,750,1654096959
410,1178,8618,7441,14,675,1679323816
411,1043,7188,183,40,409,1623449023
412,1043,3432,183,40,409,1611355819
413,1059,1164,242,96,618,1688245409
414,1183,945,4349,64,595,1638121173
415,1145,5131,9776,45,792,1606439961
416,1165,1224,66,1,634,1659040682
417,1044,6030,9166,15,858,1590864141
418,1124,5711,7239,43,546,1630420601
419,1000,7593,9970,35,553,1584977335
420,1027,137,2876,5,549,1656860652
421,1099,3923,6550,27,982,1684813033
422,1048,1493,1299,36,954,1593251925
423,1176,4105,7470,13,379,1600389492
424,1007,9621,1386,84,476,1693038826
425,1082,1975,8968,86,697,1671021386
426,1174,1181,748,45,809,1581783480
427,1074,4228,9238,60,775,1595940187
428,1175,3320,3787,11,809,1582085795
429,1111,5715,4784,68,736,1579517225
430,1114,8298,4115,14,806,1650529087
431,1174,3317,748,45,809,1615075983
432,1024,545,3247,61,368,1693347074
433,1025,9974,2091,34,465,1625690373
434,1019,4105,6675,27,700,1586553835
435,1125,5574,9004,84,243,1691986516
436,1029,9718,3664,46,654,1588188942
437,1028,7416,9425,23,227,1635207345
438,1140,7156,1119,91,130,1645493402
439,1136,1181,2977,59,458,1653448456
440,1166,1024,2989,3,237,1686227595
441,1049,3602,1823,31,374,1660439862
442,1027,4105,2876,5,549,1690639539
443,1123,9718,1408,79,295,1587218311
444,1166,3060,2989,3,237,1655688463
445,1105,3000,4496,73,420,1649224911
446,1181,5692,3876,69,750,1686254811
447,1147,3484,9767,86,885,1605017689
448,1118,690,3368,17,640,1621139947
449,1008,4046,1566,69,879,1581504794
450,1100,4647,839,99,837,1617350539
451,1013,2385,8581,77,662,1609652470
452,1129,2418,255,9,880,1653981894
453,1017,8298,6567,61,877,1601971599
454,1172,7156,2274,51,894,1670877904
455,1173,3168,8956,52,694,1592978485
456,1030,839,7671,32,738,1688915402
457,1170,1408,5707,93,981,1613648708
458,1071,3446,3154,44,758,1583131486
459,1192,4807,3850,34,366,1645521200
460,1190,2249,4852,82,858,1696463860
461,1156,3000,7143,3,245,1649292799
462,1150,8846,2492,48,305,1587806982
463,1018,7893,2203,71,568,1583116064
464,1059,7759,242,96,618,1605815936
465,1052,6111,5388,80,820,1654773165
466,1028,7156,9425,23,227,1668348521
467,1178,9677,7441,14,675,1579209382
468,1026,3069,4600,47,437,1589405278
469,1090,6111,7774,64,654,1672638087
470,1076,9747,1603,63,320,1627157879
471,1147,3091,9767,86,885,1582452828
472,1008,3910,1566,69,879,1615912737
473,1150,2205,2492,48,305,1643526572
474,1106,6761,9221,51,709,1584416286
475,1140,5561,1119,91,130,1580343599
476,1137,3320,635,34,453,1633855374
477,1142,3091,1649,80,516,1673585842
478,1028,3549,9425,23,227,1668732559
479,1042,8242,1668,89,562,1690399648
480,1148,8354,9932,68,682,1588149753
481,1164,4270,309,50,639,1653111027
482,1112,488,9025,17,665,1664218238
483,1023,1736,5302,65,739,1587696363
484,1185,9864,9551,69,922,1583046914
485,1139,8618,3032,61,621,1587470179
486,1114,6317,4115,14,806,1657108285
487,1085,6739,6699,52,751,1688009219
488,1019,3658,6675,27,700,1687804193
489,1000,1416,9970,35,553,1672336078
490,1146,8354,3088,59,782,1610665859
491,1018,9940,2203,71,568,1661176788
492,1038,5561,5290,90,125,1653641657
493,1013,6317,8581,77,662,1644143697
494,1124,7759,7239,43,546,1696691135
495,1009,2418,3126,15,619,1658578730
496,1181,5364,3876,69,750,1660862706
497,1159,8214,9909,19,528,1683076585
498,1182,2927,9717,34,609,1584700614
499,1114,7126,4115,14,806,1614008807
500,1084,7156,4812,82,397,1584024385
501,1023,7188,5302,65,739,1637645651
502,1172,6109,2274,51,894,1595002687
503,1075,6594,6422,60,743,1653994559
504,1064,8551,8357,46,108,1671466582
505,1034,1596,2861,34,519,1588348264
506,1128,4012,255,78,933,1672544251
507,1048,1136,1299,36,954,1593536654
508,1094,8365,535,96,559,1658361017
509,1180,7380,7614,97,107,1662478568
510,1176,9718,7470,13,379,1611051798
511,1022,4807,2698,44,832,1661260568
512,1136,839,2977,59,458,1678988283
513,1138,9798,6391,31,851,1679405307
514,1114,3602,4115,14,806,1600492504
515,1121,9864,8651,35,880,1609294921
516,1191,4197,999,21,458,1587301844
517,1078,1667,7407,63,289,1662667500
518,1120,629,815,3,694,1673620854
519,1137,6594,635,34,453,1612419446
520,1186,1233,1953,9,647,1613759908
521,1030,8233,7671,32,738,1672198413
522,1096,7416,3176,7,328,1589241174
523,1183,7380,4349,64,595,1601794521
524,1017,9183,6567,61,877,1635979756
525,1024,5131,3247,61,368,1656870998
526,1133,1461,4220,46,318,1660930130
527,1118,4228,3368,17,640,1612666364
528,1141,6266,6425,72,637,1587983534
529,1191,4682,999,21,458,1686356605
530,1004,8618,9194,4,129,1674711595
531,1066,2249,8358,35,448,1618136668
532,1055,2252,3159,75,184,1638485387
533,1007,9798,1386,84,476,1596334581
534,1129,7402,255,9,880,1612818758
535,1186,6739,1953,9,647,1598699264
536,1065,9718,3774,73,868,1631641473
537,1077,3869,2866,15,721,1678068902
538,1176,3168,7470,13,379,1628611689
539,1042,1636,1668,89,562,1689812761
540,1123,9974,1408,79,295,1613277784
541,1034,8354,2861,34,519,1612773196
542,1188,6030,3614,65,396,1591878874
543,1032,1667,549,21,618,1597550017
544,1075,1636,6422,60,743,1595354891
545,1102,690,3587,1,465,1604898495
546,1083,4556,9388,5,309,1650677041
547,1014,2249,3490,80,999,1698321021
548,1013,3928,8581,77,662,1653330189
549,1099,4661,6550,27,982,1593363136
550,1117,962,7924,0,948,1611563650
551,1112,8086,9025,17,665,1600841429
552,1066,4682,8358,35,448,1620738394
553,1006,6666,5737,51,921,1632637156
554,1035,1741,5474,88,324,1681939579
555,1070,7588,5940,17,722,1642610342
556,1118,8395,3368,17,640,1589233609
557,1192,7400,3850,34,366,1606917647
558,1009,3168,3126,15,619,1609137161
559,1099,1416,6550,27,982,1662338179
560,1020,9304,5975,39,783,1693239370
561,1158,6402,8231,65,870,1665998801
562,1050,9026,7786,60,453,1592726490
563,1125,962,9004,84,243,1602178471
564,1066,2766,8358,35,448,1651370897
565,1147,4807,9767,86,885,1629128924
566,1104,1461,2040,58,824,1622809014
567,1014,8233,3490,80,999,1648129230
568,1143,8953,5031,93,832,1631823061
569,1038,8233,5290,90,125,1611869073
570,1193,3210,1295,35,506,1652520700
571,1036,7720,711,73,666,1693776709
572,1030,3000,7671,32,738,1641875875
573,1106,690,9221,51,709,1607436880
574,1152,9621,5945,61,285,1602947807
575,1085,2609,6699,52,751,1661681965
576,1006,7402,5737,51,921,1632622415
577,1104,8938,2040,58,824,1656454497
578,1156,7126,7143,3,245,1691744959
579,1164,5847,309,50,639,1671583432
580,1115,7759,1942,98,431,1679189227
581,1087,7219,8264,12,664,1590601782
582,1193,1667,1295,35,506,1616489321
583,1032,1975,549,21,618,1651454749
584,1121,9677,8651,35,880,1664628912
585,1046,5364,3616,38,326,1648993334
586,1146,8463,3088,59,782,1641474421
587,1118,3484,3368,17,640,1635013576
588,1009,4277,3126,15,619,1616931428
589,1025,4682,2091,34,465,1585312162
590,1192,5584,3850,34,366,1650843745
591,1129,9740,255,9,880,1669355528
592,1081,1679,2050,67,994,1660933381
593,1074,9067,9238,60,775,1656631294
594,1119,4197,4415,7,238,1598750366
595,1113,2609,3558,50,887,1693614421
596,1039,1596,1310,43,526,1693491512
597,1144,488,196,21,956,1622368553
598,1043,7759,183,40,409,1679337322
599,1017,2464,6567,61,877,1607307962
600,1152,3869,5945,61,285,1627353747
601,1114,4228,4115,14,806,1660832981
602,1111,6402,4784,68,736,1615688355
603,1059,8395,242,96,618,1585076376
604,1185,1982,9551,69,922,1599053884
605,1109,7981,1462,33,221,1633856854
606,1094,3928,535,96,559,1683005279
607,1040,3549,2156,51,361,1674809334
608,1036,7156,711,73,666,1677668435
609,1175,4772,3787,11,809,1666773226
610,1152,2249,5945,61,285,1644421069
611,1073,1107,4874,73,374,1615876029
612,1058,4778,3450,90,979,1680475887
613,1193,545,1295,35,506,1685726730
614,1049,2385,1823,31,374,1678643952
615,1161,7380,5188,85,768,1679459038
616,1117,6739,7924,0,948,1693411969
617,1060,8463,391,93,752,1602141207
618,1109,9026,1462,33,221,1684369926
619,1085,9354,6699,52,751,1665549678
620,1144,545,196,21,956,1673773171
621,1147,4681,9767,86,885,1630862165
622,1184,9864,2632,88,480,1600670670
623,1083,2249,9388,5,309,1619029448
624,1016,7791,4562,19,854,1691240373
625,1012,519,7596,47,484,1642180923
626,1037,1416,8553,26,382,1598685588
627,1186,629,1953,9,647,1616797086
628,1106,1975,9221,51,709,1578741491
629,1184,4228,2632,88,480,1586629836
630,1145,9609,9776,45,792,1580726328
631,1054,9174,8545,63,353,1693683216
632,1145,6761,9776,45,792,1609203260
633,1042,9899,1668,89,562,1607608285
634,1011,9174,7259,75,438,1615925096
635,1043,8463,183,40,409,1603948853
636,1160,9772,6260,6,182,1585709897
637,1037,4270,8553,26,382,1601576669
638,1112,4105,9025,17,665,1590719328
639,1159,7416,9909,19,528,1634134014
640,1012,945,7596,47,484,1587508113
641,1058,9348,3450,90,979,1645047729
642,1174,572,748,45,809,1603471483
643,1111,7759,4784,68,736,1658631924
644,1030,9629,7671,32,738,1602641226
645,1047,7968,9065,1,287,1686273404
646,1011,1736,7259,75,438,1619562814
647,1061,9026,2914,73,692,1604881401
648,1055,9677,3159,75,184,1661701701
649,1143,8938,5031,93,832,1619470132
650,1003,3245,4414,10,658,1646660991
651,1067,5711,4659,38,118,1581638330
652,1068,8214,3207,44,594,1604972156
653,1043,8953,183,40,409,1578054302
654,1155,2205,7169,39,440,1588694599
655,1124,5728,7239,43,546,1692013445
656,1086,6761,7631,90,186,1595852616
657,1130,7981,5467,28,592,1598652739
658,1146,7484,3088,59,782,1683509516
659,1036,3658,711,73,666,1585372652
660,1145,9067,9776,45,792,1698135259
661,1167,8516,105,53,832,1590307376
662,1005,1233,2004,32,267,1660174120
663,1189,1667,5263,40,348,1672583142
664,1142,8298,1649,80,516,1681839990
665,1100,1136,839,99,837,1682861512
666,1008,8407,1566,69,879,1622604587
667,1018,3320,2203,71,568,1625795449
668,1158,6493,8231,65,870,1662596095
669,1045,5793,4096,36,508,1674748939
670,1122,9629,7570,10,925,1626733385
671,1188,3210,3614,65,396,1664942489
672,1005,5692,2004,32,267,1697958818
673,1066,9740,8358,35,448,1649451722
674,1190,5847,4852,82,858,1593746690
675,1057,1741,4114,60,809,1625432999
676,1177,5131,4703,72,985,1578668916
677,1036,5268,711,73,666,1690201421
678,1070,3931,5940,17,722,1688955158
679,1190,9864,4852,82,858,1613335954
680,1147,9174,9767,86,885,1661417961
681,1086,3168,7631,90,186,1603390562
682,1096,1741,3176,7,328,1607212472
683,1085,8551,6699,52,751,1624866732
684,1104,3923,2040,58,824,1622008070
685,1192,8516,3850,34,366,1641945312
686,1167,4228,105,53,832,1640855813
687,1177,3317,4703,72,985,1603401303
688,1082,5584,8968,86,697,1631328562
689,1011,9677,7259,75,438,1646120461
690,1093,4270,4517,39,178,1658560138
691,1093,3931,4517,39,178,1606875726
692,1173,3848,8956,52,694,1604385739
693,1171,2609,1277,45,859,1609508752
694,1105,4268,4496,73,420,1642929977
695,1084,3549,4812,82,397,1656884188
696,1085,7761,6699,52,751,1694769056
697,1046,7981,3616,38,326,1600482356
698,1004,2385,9194,4,129,1584700810
699,1165,8463,66,1,634,1611793758
700,1085,3910,6699,52,751,1606684250
701,1133,1408,4220,46,318,1663830458
702,1114,3707,4115,14,806,1629341825
703,1072,7588,6691,72,579,1610135590
704,1047,1974,9065,1,287,1628274072
705,1185,5847,9551,69,922,1674635568
706,1162,3848,4878,28,322,1582839738
707,1105,6266,4496,73,420,1684714941
708,1114,9718,4115,14,806,1651479771
709,1148,8365,9932,68,682,1691822646
710,1026,3825,4600,47,437,1636195374
711,1174,1974,748,45,809,1649210411
712,1009,7298,3126,15,619,1585280797
713,1146,3168,3088,59,782,1657369120
714,1153,5313,490,22,336,1683189271
715,1137,9067,635,34,453,1665190417
716,1077,5847,2866,15,721,1616855070
717,1178,9740,7441,14,675,1684156649
718,1149,1596,9890,95,559,1609526425
719,1140,6109,1119,91,130,1610773307
720,1053,1224,9860,72,325,1597781236
721,1097,7761,6948,43,233,1630183425
722,1022,3026,2698,44,832,1639439051
723,1108,8578,7977,65,461,1689026749
724,1060,2252,391,93,752,1630600941
725,1033,3026,5918,39,822,1631275710
726,1015,4778,5486,53,219,1619204570
727,1175,1086,3787,11,809,1662588701
728,1009,5711,3126,15,619,1585244650
729,1156,9026,7143,3,245,1608690546
730,1007,5728,1386,84,476,1577851531
731,1050,4682,7786,60,453,1658642781
732,1010,545,3946,90,107,1645923732
733,1052,2385,5388,80,820,1660844793
734,1159,3957,9909,19,528,1650630822
735,1131,2448,2064,3,237,1602850958
736,1097,3245,6948,43,233,1670080516
737,1036,3026,711,73,666,1657716653
738,1177,8242,4703,72,985,1627405272
739,1191,5268,999,21,458,1590349902
740,1030,4182,7671,32,738,1636530951
741,1040,1679,2156,51,361,1695026276
742,1019,9899,6675,27,700,1641453429
743,1004,6666,9194,4,129,1633432127
744,1123,519,1408,79,295,1678375514
745,1072,4345,6691,72,579,1592504855
746,1182,4681,9717,34,609,1687481503
747,1134,3658,3579,78,590,1585447535
748,1191,7893,999,21,458,1638355753
749,1044,8285,9166,15,858,1610144121
750,1008,7049,1566,69,879,1688976808
751,1055,2156,3159,75,184,1613333928
752,1005,839,2004,32,267,1694281464
753,1138,7593,6391,31,851,1684760127
754,1151,9899,3915,28,596,1606371587
755,1128,1667,255,78,933,1630710282
756,1139,6111,3032,61,621,1673185715
757,1006,3825,5737,51,921,1616202724
758,1135,1233,9337,68,199,1688824053
759,1116,6733,1091,16,260,1615702598
760,1189,4807,5263,40,348,1619296255
761,1143,9718,5031,93,832,1580796828
762,1153,6137,490,22,336,1660694276
763,1048,2766,1299,36,954,1582071292
764,1131,8242,2064,3,237,1645914689
765,1037,3245,8553,26,382,1639382170
766,1094,7298,535,96,559,1606361312
767,1025,1408,2091,34,465,1605281434
768,1015,7416,5486,53,219,1657681844
769,1076,3317,1603,63,320,1691156269
770,1114,6121,4115,14,806,1669202582
771,1065,1461,3774,73,868,1690656899
772,1188,5574,3614,65,396,1670644071
773,1035,3549,5474,88,324,1596685229
774,1119,5364,4415,7,238,1592204371
775,1162,7762,4878,28,322,1609886475
776,1103,8365,1173,71,612,1591425632
777,1020,9354,5975,39,783,1676738037
778,1179,6739,3085,63,208,1688568723
779,1065,8293,3774,73,868,1663986049
780,1074,8578,9238,60,775,1579632100
781,1167,7893,105,53,832,1616112147
782,1068,1493,3207,44,594,1601817446
783,1035,6266,5474,88,324,1650855325
784,1146,3168,3088,59,782,1627787298
785,1154,5692,427,95,616,1625192174
786,1014,9067,3490,80,999,1681237264
787,1178,3168,7441,14,675,1689653389
788,1080,1224,2598,94,871,1616293137
789,1089,9304,1818,84,800,1688533105
790,1092,7982,7058,42,655,1649310126
791,1190,8846,4852,82,858,1696251541
792,1153,9940,490,22,336,1622636679
793,1142,1408,1649,80,516,1635621549
794,1115,6030,1942,98,431,1580097803
795,1117,9609,7924,0,948,1614261520
796,1005,7593,2004,32,267,1676751720
797,1071,7188,3154,44,758,1620010193
798,1080,4661,2598,94,871,1657403383
799,1026,5313,4600,47,437,1692010358
800,1090,8298,7774,64,654,1678964381
801,1019,7484,6675,27,700,1592482848
802,1031,8064,8229,39,987,1645888004
803,1020,3652,5975,39,783,1694412722
804,1121,4681,8651,35,880,1617831897
805,1019,9067,6675,27,700,1671885297
806,1052,5561,5388,80,820,1667251560
807,1026,9183,4600,47,437,1668917808
808,1014,8407,3490,80,999,1676356477
809,1124,7188,7239,43,546,1647185767
810,1132,8393,2022,99,436,1670127407
811,1030,1461,7671,32,738,1688462310
812,1020,2418,5975,39,783,1675108660
813,1151,7219,3915,28,596,1675230862
814,1085,9421,6699,52,751,1601732686
815,1052,4681,5388,80,820,1651523342
816,1156,1224,7143,3,245,1685276460
817,1021,7219,1513,83,190,1674439208
818,1023,488,5302,65,739,1625576520
819,1139,4277,3032,61,621,1666046846
820,1063,8407,5168,35,251,1590703380
821,1160,9677,6260,6,182,1580194375
822,1064,5364,8357,46,108,1660169182
823,1072,1493,6691,72,579,1696121248
824,1081,1974,2050,67,994,1649056815
825,1082,4682,8968,86,697,1585009049
826,1104,6121,2040,58,824,1646919306
827,1131,4228,2064,3,237,1669732715
828,1152,4442,5945,61,285,1623746927
829,1047,2205,9065,1,287,1605744837
830,1145,8298,9776,45,792,1663878462
831,1137,1974,635,34,453,1658263294
832,1130,4661,5467,28,592,1595253022
833,1055,66,3159,75,184,1607605667
834,1166,3210,2989,3,237,1593630664
835,1169,3026,4686,11,772,1666157344
836,1104,9304,2040,58,824,1602713072
837,1140,7126,1119,91,130,1688018075
838,1110,6807,6606,40,869,1666842640
839,1079,5561,7385,81,671,1614654497
840,1037,183,8553,26,382,1663634273
841,1165,5711,66,1,634,1583635831
842,1173,8354,8956,52,694,1622196972
843,1041,5574,846,9,663,1657722607
844,1179,3000,3085,63,208,1663729110
845,1015,545,5486,53,219,1592081815
846,1054,3728,8545,63,353,1645763496
847,1130,9421,5467,28,592,1656062624
848,1052,4197,5388,80,820,1666586791
849,1093,8550,4517,39,178,1646120962
850,1125,2464,9004,84,243,1659101242
851,1072,9974,6691,72,579,1686283241
852,1124,8551,7239,43,546,1640787992
853,1034,7593,2861,34,519,1625531428
854,1060,3168,391,93,752,1598418494
855,1079,8953,7385,81,671,1669878820
856,1052,3869,5388,80,820,1674972109
857,1005,9899,2004,32,267,1595623370
858,1054,4182,8545,63,353,1688525627
859,1003,8293,4414,10,658,1685292615
860,1120,4556,815,3,694,1640607382
861,1031,8393,8229,39,987,1687153091
862,1008,3848,1566,69,879,1637797091
863,1155,1493,7169,39,440,1622385577
864,1113,7982,3558,50,887,1652706841
865,1114,8618,4115,14,806,1592980502
866,1019,8214,6675,27,700,1607320156
867,1008,5561,1566,69,879,1640481536
868,1122,6594,7570,10,925,1668954444
869,1171,3602,1277,45,859,1640618619
870,1056,5715,1084,24,318,1689169482
871,1099,5131,6550,27,982,1614509098
872,1015,572,5486,53,219,1608783711
873,1189,2609,5263,40,348,1663141030
874,1107,5313,3766,69,494,1646260071
875,1074,6666,9238,60,775,1612473148
876,1160,1224,6260,6,182,1639125746
877,1177,5574,4703,72,985,1647264691
878,1191,8830,999,21,458,1598195118
879,1074,962,9238,60,775,1688910570
880,1182,545,9717,34,609,1667884242
881,1031,134,8229,39,987,1652594000
882,1025,7156,2091,34,465,1664590362
883,1128,9183,255,78,933,1610594561
884,1077,2249,2866,15,721,1632746959
885,1139,7402,3032,61,621,1686663240
886,1100,962,839,99,837,1595713246
887,1187,5715,7189,69,525,1697203390
888,1103,3869,1173,71,612,1692016525
889,1111,5692,4784,68,736,1619490416
890,1010,5313,3946,90,107,1646126061
891,1136,1181,2977,59,458,1611495330
892,1024,6030,3247,61,368,1582645865
893,1081,1024,2050,67,994,1643314958
894,1154,8365,427,95,616,1679633830
895,1035,9456,5474,88,324,1606192241
896,1149,1752,9890,95,559,1693522520
897,1076,9421,1603,63,320,1674680663
898,1106,4105,9221,51,709,1670180204
899,1050,66,7786,60,453,1639691119
900,1121,7158,8651,35,880,1618303255
901,1079,7402,7385,81,671,1682031144
902,1047,137,9065,1,287,1628624140
903,1066,3245,8358,35,448,1624926944
904,1140,7402,1119,91,130,1588883295
905,1076,8233,1603,63,320,1630986941
906,1110,3432,6606,40,869,1582975369
907,1072,1107,6691,72,579,1657251149
908,1150,839,2492,48,305,1616457467
909,1131,5131,2064,3,237,1656430668
910,1045,6666,4096,36,508,1659431615
911,1102,1493,3587,1,465,1669327800
912,1077,1741,2866,15,721,1604730286
913,1150,7981,2492,48,305,1668791231
914,1128,3317,255,78,933,1663832011
915,1124,4182,7239,43,546,1578213621
916,1098,362,1783,99,440,1693992945
917,1191,6137,999,21,458,1578325376
918,1137,9174,635,34,453,1674551790
919,1120,6761,815,3,694,1610266742
920,1038,2252,5290,90,125,1691251461
921,1142,9677,1649,80,516,1595858968
922,1035,5715,5474,88,324,1580339739
923,1025,1975,2091,34,465,1609670062
924,1183,690,4349,64,595,1642397777
925,1161,8242,5188,85,768,1670150703
926,1168,4228,4501,18,490,1681367106
927,1043,7720,183,40,409,1598225665
928,1019,9677,6675,27,700,1648107136
929,1091,3432,1335,49,479,1694381644
930,1020,3317,5975,39,783,1619326091
931,1130,1667,5467,28,592,1603321396
932,1104,945,2040,58,824,1674496348
933,1072,3931,6691,72,579,1682006360
934,1115,6596,1942,98,431,1679268378
935,1005,1181,2004,32,267,1637284922
936,1112,4270,9025,17,665,1673810791
937,1041,7720,846,9,663,1695989077
938,1145,3091,9776,45,792,1588221697
939,1049,7380,1823,31,374,1626845040
940,1147,3869,9767,86,885,1637597561
941,1021,4105,1513,83,190,1597543306
942,1168,7981,4501,18,490,1648130888
943,1152,3245,5945,61,285,1608319900
944,1165,2448,66,1,634,1674512689
945,1160,7588,6260,6,182,1626047949
946,1095,3210,432,12,518,1611363452
947,1104,2252,2040,58,824,1670157818
948,1132,3728,2022,99,436,1638024821
949,1131,8395,2064,3,237,1655842011
950,1093,5313,4517,39,178,1636131199
951,1078,7400,7407,63,289,1676228172
952,1128,7126,255,78,933,1686692004
953,1092,3168,7058,42,655,1665111007
954,1171,6733,1277,45,859,1685124949
955,1123,545,1408,79,295,1610826660
956,1045,3211,4096,36,508,1683240706
957,1136,3825,2977,59,458,1610053631
958,1026,134,4600,47,437,1587896920
959,1151,3210,3915,28,596,1579112702
960,1031,5728,8229,39,987,1690763539
961,1022,9456,2698,44,832,1608886510
962,1178,2205,7441,14,675,1656754414
963,1024,7588,3247,61,368,1653001291
964,1157,945,8027,56,912,1685692221
965,1064,5728,8357,46,108,1606838159
966,1177,4197,4703,72,985,1668770973
967,1076,3923,1603,63,320,1629746684
968,1135,8550,9337,68,199,1582641767
969,1101,137,4143,52,705,1696559201
970,1126,3026,7229,38,952,1686353359
971,1189,8365,5263,40,348,1631715489
972,1125,9304,9004,84,243,1611624055
973,1061,2766,2914,73,692,1688356129
974,1086,7762,7631,90,186,1655071690
975,1124,3931,7239,43,546,1616587527
976,1106,6317,9221,51,709,1587558887
977,1044,1086,9166,15,858,1620958536
978,1006,4661,5737,51,921,1690563724
979,1106,7268,9221,51,709,1590466289
980,1186,7380,1953,9,647,1601988622
981,1123,1741,1408,79,295,1694221945
982,1149,1224,9890,95,559,1650582950
983,1191,2927,999,21,458,1590991341
984,1189,9140,5263,40,348,1690661142
985,1058,3211,3450,90,979,1605626422
986,1172,183,2274,51,894,1653432669
987,1070,1086,5940,17,722,1698341914
988,1134,3446,3579,78,590,1651235072
989,1102,8393,3587,1,465,1634457323
990,1023,9421,5302,65,739,1622942090
991,1178,9183,7441,14,675,1697177399
992,1085,8938,6699,52,751,1635527168
993,1000,3245,9970,35,553,1592519262
994,1088,2664,6063,38,811,1637376489
995,1035,9839,5474,88,324,1685817889
996,1180,3957,7614,97,107,1633340184
997,1083,4277,9388,5,309,1616161477
998,1176,183,7470,13,379,1687287873
999,1043,4807,183,40,409,1594063936
1000,1100,5561,839,99,837,1636400592
